stop slave;
drop table if exists t1,t2,t3,t4,t5,t6,t7,t8,t9;
reset master;
reset slave;
drop table if exists t1,t2,t3,t4,t5,t6,t7,t8,t9;
start slave;
CREATE TABLE t1 (c1 INT KEY) ROW_FORMAT=DYNAMIC ENGINE=NDB;
INSERT INTO t1 VALUES (1),(2),(3),(4),(5),(6),(7),(8),(9),(10);
ALTER TABLE t1 ADD c2 INT;
SELECT * FROM t1 ORDER BY c1;
c1	c2
1	NULL
2	NULL
3	NULL
4	NULL
5	NULL
6	NULL
7	NULL
8	NULL
9	NULL
10	NULL
INSERT INTO t1 VALUES (11,11),(12,12),(13,13),(14,14);
SELECT * FROM t1 ORDER BY c1;
c1	c2
1	NULL
2	NULL
3	NULL
4	NULL
5	NULL
6	NULL
7	NULL
8	NULL
9	NULL
10	NULL
11	11
12	12
13	13
14	14
SELECT * FROM t1 ORDER BY c1;
c1	c2
1	NULL
2	NULL
3	NULL
4	NULL
5	NULL
6	NULL
7	NULL
8	NULL
9	NULL
10	NULL
11	11
12	12
13	13
14	14
DROP TABLE t1;
