drop table if exists t1;
set names ujis;
create table t1 (c text character set ujis);
insert into t1 values (0xa4a2),(0xa4a3);
select hex(left(c,1)) from t1 group by c;
hex(left(c,1))
A4A2
A4A3
drop table t1;
select locate(0xa2a1,0xa1a2a1a3);
locate(0xa2a1,0xa1a2a1a3)
2
select locate(_ujis 0xa2a1,_ujis 0xa1a2a1a3);
locate(_ujis 0xa2a1,_ujis 0xa1a2a1a3)
0
select locate(_ujis 0xa2a1,_ujis 0xa1a2a1a3 collate ujis_bin);
locate(_ujis 0xa2a1,_ujis 0xa1a2a1a3 collate ujis_bin)
0
select locate('he','hello');
locate('he','hello')
1
select locate('he','hello',2);
locate('he','hello',2)
0
select locate('lo','hello',2);
locate('lo','hello',2)
4
select locate('HE','hello');
locate('HE','hello')
1
select locate('HE','hello',2);
locate('HE','hello',2)
0
select locate('LO','hello',2);
locate('LO','hello',2)
4
select locate('HE','hello' collate ujis_bin);
locate('HE','hello' collate ujis_bin)
0
select locate('HE','hello' collate ujis_bin,2);
locate('HE','hello' collate ujis_bin,2)
0
select locate('LO','hello' collate ujis_bin,2);
locate('LO','hello' collate ujis_bin,2)
0
select locate(_ujis 0xa1a3,_ujis 0xa1a2a1a3);
locate(_ujis 0xa1a3,_ujis 0xa1a2a1a3)
2
select 0xa1a2a1a3 like concat(_binary'%',0xa2a1,_binary'%');
0xa1a2a1a3 like concat(_binary'%',0xa2a1,_binary'%')
1
select _ujis 0xa1a2a1a3 like concat(_ujis'%',_ujis 0xa2a1, _ujis'%');
_ujis 0xa1a2a1a3 like concat(_ujis'%',_ujis 0xa2a1, _ujis'%')
0
select _ujis 0xa1a2a1a3 like concat(_ujis'%',_ujis 0xa2a1, _ujis'%') collate ujis_bin;
_ujis 0xa1a2a1a3 like concat(_ujis'%',_ujis 0xa2a1, _ujis'%') collate ujis_bin
0
select 'a' like 'a';
'a' like 'a'
1
select 'A' like 'a';
'A' like 'a'
1
select 'A' like 'a' collate ujis_bin;
'A' like 'a' collate ujis_bin
0
set @ujis1= _ujis     0x8EA18EA28EA38EA48EA58EA68EA78EA88EA98EAA8EAB8EAC8EAD8EAE8EAF;
set @ujis2= _ujis 0x8EB08EB18EB28EB38EB48EB58EB68EB78EB88EB98EBA8EBB8EBC8EBD8EBE8EBF;
set @ujis3= _ujis 0x8EC08EC18EC28EC38EC48EC58EC68EC78EC88EC98ECA8ECB8ECC8ECD8ECE8ECF;
set @ujis4= _ujis 0x8ED08ED18ED28ED38ED48ED58ED68ED78ED88ED98EDA8EDB8EDC8EDD8EDE8EDF;
select hex(@utf81:= CONVERT(@ujis1 USING utf8));
hex(@utf81:= CONVERT(@ujis1 USING utf8))
EFBDA1EFBDA2EFBDA3EFBDA4EFBDA5EFBDA6EFBDA7EFBDA8EFBDA9EFBDAAEFBDABEFBDACEFBDADEFBDAEEFBDAF
select hex(@utf82:= CONVERT(@ujis2 USING utf8));
hex(@utf82:= CONVERT(@ujis2 USING utf8))
EFBDB0EFBDB1EFBDB2EFBDB3EFBDB4EFBDB5EFBDB6EFBDB7EFBDB8EFBDB9EFBDBAEFBDBBEFBDBCEFBDBDEFBDBEEFBDBF
select hex(@utf83:= CONVERT(@ujis3 USING utf8));
hex(@utf83:= CONVERT(@ujis3 USING utf8))
EFBE80EFBE81EFBE82EFBE83EFBE84EFBE85EFBE86EFBE87EFBE88EFBE89EFBE8AEFBE8BEFBE8CEFBE8DEFBE8EEFBE8F
select hex(@utf84:= CONVERT(@ujis4 USING utf8));
hex(@utf84:= CONVERT(@ujis4 USING utf8))
EFBE90EFBE91EFBE92EFBE93EFBE94EFBE95EFBE96EFBE97EFBE98EFBE99EFBE9AEFBE9BEFBE9CEFBE9DEFBE9EEFBE9F
select @ujis1 = CONVERT(@utf81 USING ujis);
@ujis1 = CONVERT(@utf81 USING ujis)
1
select @ujis2 = CONVERT(@utf82 USING ujis);
@ujis2 = CONVERT(@utf82 USING ujis)
1
select @ujis3 = CONVERT(@utf83 USING ujis);
@ujis3 = CONVERT(@utf83 USING ujis)
1
select @ujis4 = CONVERT(@utf84 USING ujis);
@ujis4 = CONVERT(@utf84 USING ujis)
1
