CREATE TABLE t1 SELECT _utf8'test' as c1, _utf8'тест' as c2;
SHOW CREATE TABLE t1;
Table	Create Table
t1	CREATE TABLE `t1` (
  `c1` char(4) character set utf8 NOT NULL default '',
  `c2` char(4) character set utf8 NOT NULL default ''
) TYPE=MyISAM CHARSET=latin1
DELETE FROM t1;
ALTER TABLE t1 ADD c3 CHAR(4) CHARACTER SET utf8;
SHOW CREATE TABLE t1;
Table	Create Table
t1	CREATE TABLE `t1` (
  `c1` char(4) character set utf8 NOT NULL default '',
  `c2` char(4) character set utf8 NOT NULL default '',
  `c3` char(4) character set utf8 default NULL
) TYPE=MyISAM CHARSET=latin1
INSERT INTO t1 VALUES ('aaaabbbbccccdddd','aaaabbbbccccdddd','aaaabbbbccccdddd');
SELECT * FROM t1;
c1	c2	c3
aaaabbbbcccc	aaaabbbbcccc	aaaabbbbcccc
DROP TABLE t1;
