drop table if exists t1;
set names cp932;
set character_set_database = cp932;
RESET MASTER;
CREATE TABLE t1(f1 blob);
PREPARE stmt1 FROM 'INSERT INTO t1 VALUES(?)';
SET @var1= x'8300';
EXECUTE stmt1 USING @var1;
show binlog events from <binlog_start>;
Log_name	Pos	Event_type	Server_id	End_log_pos	Info
master-bin.000001	#	Query	#	#	use `test`; CREATE TABLE t1(f1 blob)
master-bin.000001	#	User var	#	#	@`var1`=_binary 0x8300 COLLATE binary
master-bin.000001	#	Query	#	#	use `test`; INSERT INTO t1 VALUES(@'var1')
SELECT HEX(f1) FROM t1;
HEX(f1)
8300
DROP table t1;
CREATE TABLE t4 (s1 CHAR(50) CHARACTER SET latin1,
s2 CHAR(50) CHARACTER SET cp932,
d DECIMAL(10,2))|
CREATE PROCEDURE bug18293 (IN ins1 CHAR(50),
IN ins2 CHAR(50) CHARACTER SET cp932,
IN ind DECIMAL(10,2))
BEGIN
INSERT INTO t4 VALUES (ins1, ins2, ind);
END|
CALL bug18293("Foo's a Bar", _cp932 0xED40ED41ED42, 47.93)|
SELECT HEX(s1),HEX(s2),d FROM t4|
HEX(s1)	HEX(s2)	d
466F6F2773206120426172	ED40ED41ED42	47.93
DROP PROCEDURE bug18293|
DROP TABLE t4|
SHOW BINLOG EVENTS FROM 410|
Log_name	Pos	Event_type	Server_id	End_log_pos	Info
master-bin.000001	410	Query	1	576	use `test`; CREATE TABLE t4 (s1 CHAR(50) CHARACTER SET latin1,
s2 CHAR(50) CHARACTER SET cp932,
d DECIMAL(10,2))
master-bin.000001	576	Query	1	824	use `test`; CREATE DEFINER=`root`@`localhost` PROCEDURE bug18293 (IN ins1 CHAR(50),
IN ins2 CHAR(50) CHARACTER SET cp932,
IN ind DECIMAL(10,2))
BEGIN
INSERT INTO t4 VALUES (ins1, ins2, ind);
END
master-bin.000001	824	Query	1	1043	use `test`; INSERT INTO t4 VALUES ( NAME_CONST('ins1',_latin1 0x466F6F2773206120426172),  NAME_CONST('ins2',_cp932 0xED40ED41ED42),  NAME_CONST('ind',47.93))
master-bin.000001	1043	Query	1	1132	use `test`; DROP PROCEDURE bug18293
master-bin.000001	1132	Query	1	1211	use `test`; DROP TABLE t4
