SET CHARACTER SET koi8r;
DROP TABLE IF EXISTS таблица;
SET CHARACTER SET koi8r;
CREATE TABLE t1 (a CHAR(10) CHARACTER SET cp1251) SELECT _koi8r'проба' AS a;
SHOW CREATE TABLE t1;
Table	Create Table
t1	CREATE TABLE `t1` (
  `a` char(10) character set cp1251 default NULL
) TYPE=MyISAM CHARSET=latin1
SELECT a FROM t1;
a
проба
SELECT HEX(a) FROM t1;
HEX(a)
EFF0EEE1E0
DROP TABLE t1;
CREATE TABLE таблица 
(
поле CHAR(32) CHARACTER SET koi8r NOT NULL
);
SHOW TABLES;
Tables_in_test
таблица
SHOW CREATE TABLE таблица;
Table	Create Table
таблица	CREATE TABLE `таблица` (
  `поле` char(32) character set koi8r NOT NULL default ''
) TYPE=MyISAM CHARSET=latin1
SHOW FIELDS FROM таблица;
Field	Type	Null	Key	Default	Extra
поле	char(32)				
SET CHARACTER SET cp1251;
SHOW TABLES;
Tables_in_test
РЮАКХЖЮ
SHOW CREATE TABLE РЮАКХЖЮ;
Table	Create Table
РЮАКХЖЮ	CREATE TABLE `РЮАКХЖЮ` (
  `ОНКЕ` char(32) character set koi8r NOT NULL default ''
) TYPE=MyISAM CHARSET=latin1
SHOW FIELDS FROM РЮАКХЖЮ;
Field	Type	Null	Key	Default	Extra
ОНКЕ	char(32)				
SET CHARACTER SET utf8;
SHOW TABLES;
Tables_in_test
я┌п╟п╠п╩п╦я├п╟
SHOW CREATE TABLE я┌п╟п╠п╩п╦я├п╟;
Table	Create Table
я┌п╟п╠п╩п╦я├п╟	CREATE TABLE `я┌п╟п╠п╩п╦я├п╟` (
  `п©п╬п╩п╣` char(32) character set koi8r NOT NULL default ''
) TYPE=MyISAM CHARSET=latin1
SHOW FIELDS FROM я┌п╟п╠п╩п╦я├п╟;
Field	Type	Null	Key	Default	Extra
п©п╬п╩п╣	char(32)				
SET CHARACTER SET koi8r;
DROP TABLE таблица;
SET CHARACTER SET default;
SET CHARACTER SET koi8r;
CREATE DATABASE тест;
USE тест;
SHOW TABLES;
Tables_in_тест
SHOW TABLES IN тест;
Tables_in_тест
SET CHARACTER SET cp1251;
SHOW TABLES;
Tables_in_РЕЯР
SHOW TABLES IN РЕЯР;
Tables_in_РЕЯР
SET CHARACTER SET koi8r;
DROP DATABASE тест;
