CREATE TABLE t1 SELECT _utf8'test' as c1, _utf8'тест' as c2;
SHOW CREATE TABLE t1;
Table	Create Table
t1	CREATE TABLE `t1` (
  `c1` char(4) character set utf8 NOT NULL default '',
  `c2` char(4) character set utf8 NOT NULL default ''
) TYPE=MyISAM CHARSET=latin1
DELETE FROM t1;
ALTER TABLE t1 ADD c3 CHAR(4) CHARACTER SET utf8;
SHOW CREATE TABLE t1;
Table	Create Table
t1	CREATE TABLE `t1` (
  `c1` char(4) character set utf8 NOT NULL default '',
  `c2` char(4) character set utf8 NOT NULL default '',
  `c3` char(4) character set utf8 default NULL
) TYPE=MyISAM CHARSET=latin1
INSERT INTO t1 VALUES ('aaaabbbbccccdddd','aaaabbbbccccdddd','aaaabbbbccccdddd');
SELECT * FROM t1;
c1	c2	c3
aaaabbbbcccc	aaaabbbbcccc	aaaabbbbcccc
DROP TABLE t1;
CREATE TABLE t1 (a CHAR(4) CHARACTER SET utf8, KEY key_a(a(3)));
SHOW CREATE TABLE t1;
Table	Create Table
t1	CREATE TABLE `t1` (
  `a` char(4) character set utf8 default NULL,
  KEY `key_a` (`a`(3))
) TYPE=MyISAM CHARSET=latin1
SHOW KEYS FROM t1;
Table	Non_unique	Key_name	Seq_in_index	Column_name	Collation	Cardinality	Sub_part	Packed	Null	Index_type	Comment
t1	1	key_a	1	a	A	NULL	9	NULL	YES	BTREE	
ALTER TABLE t1 CHANGE a a CHAR(4);
SHOW CREATE TABLE t1;
Table	Create Table
t1	CREATE TABLE `t1` (
  `a` char(4) default NULL,
  KEY `key_a` (`a`(3))
) TYPE=MyISAM CHARSET=latin1
SHOW KEYS FROM t1;
Table	Non_unique	Key_name	Seq_in_index	Column_name	Collation	Cardinality	Sub_part	Packed	Null	Index_type	Comment
t1	1	key_a	1	a	A	NULL	3	NULL	YES	BTREE	
ALTER TABLE t1 CHANGE a a CHAR(4) CHARACTER SET utf8;
SHOW CREATE TABLE t1;
Table	Create Table
t1	CREATE TABLE `t1` (
  `a` char(4) character set utf8 default NULL,
  KEY `key_a` (`a`(3))
) TYPE=MyISAM CHARSET=latin1
SHOW KEYS FROM t1;
Table	Non_unique	Key_name	Seq_in_index	Column_name	Collation	Cardinality	Sub_part	Packed	Null	Index_type	Comment
t1	1	key_a	1	a	A	NULL	9	NULL	YES	BTREE	
DROP TABLE t1;
