drop table if exists t1,t2;
CREATE TABLE t1 (a int not null, b char (10) not null);
insert into t1 values(1,'a'),(2,'b'),(3,'c'),(3,'c');
CREATE TABLE t2 (a int not null, b char (10) not null);
insert into t2 values (3,'c'),(4,'d'),(5,'f'),(6,'e');
select t1.a,t3.y from t1,(select a as y from t2  where b='c') as t3  where t1.a = t3.y;
a	y
3	3
3	3
drop table if exists  t1.t2;
