SET @save = @@global.group_concat_max_len;
drop table if exists t1;
## Creating new table t1 ##
CREATE TABLE t1
(
id INT NOT NULL auto_increment,
PRIMARY KEY (id),
rollno int NOT NULL,
name VARCHAR(30)
);
'#--------------------FN_DYNVARS_034_01-------------------------#'
## Setting initial value of variable to 4 ## 
SET @@global.group_concat_max_len = 4;
## Inserting some rows in table ## 
INSERT into t1(rollno, name) values(1, 'Record_1');
INSERT into t1(rollno, name) values(2, 'Record_2');
INSERT into t1(rollno, name) values(1, 'Record_3');
INSERT into t1(rollno, name) values(3, 'Record_4');
INSERT into t1(rollno, name) values(1, 'Record_5');
INSERT into t1(rollno, name) values(3, 'Record_6');
INSERT into t1(rollno, name) values(4, 'Record_7');
INSERT into t1(rollno, name) values(4, 'Record_8');
## Creating two new connections ## 
'#--------------------FN_DYNVARS_034_02-------------------------#'
## Connecting with test_con1 ##
## Accessing data and using group_concat on column whose value is greater than 4 ## 
SELECT id, rollno, group_concat(name) FROM t1 GROUP BY rollno;
id	rollno	group_concat(name)
1	1	Reco
2	2	Reco
4	3	Reco
7	4	Reco
Warnings:
Warning	1260	4 line(s) were cut by GROUP_CONCAT()
## Changing session value of variable and verifying its behavior, ##
## warning should come here ## 
SET @@session.group_concat_max_len = 10;
SELECT id, rollno, group_concat(name) FROM t1 GROUP BY rollno;
id	rollno	group_concat(name)
1	1	Record_1,R
2	2	Record_2
4	3	Record_4,R
7	4	Record_7,R
Warnings:
Warning	1260	3 line(s) were cut by GROUP_CONCAT()
'#--------------------FN_DYNVARS_034_03-------------------------#'
## Connecting with new connection test_con2 ## 
## Verifying initial value of variable. It should be 4 ## 
SELECT @@session.group_concat_max_len = 4;
@@session.group_concat_max_len = 4
1
## Setting session value of variable to 20 and verifying variable is concating ## 
## column's value to 20 or not ## 
SET @@session.group_concat_max_len = 20;
## Verifying value of name column, it should not me more than 20 characters ##
## Warning should come here ##
SELECT id, rollno, group_concat(name) FROM t1 GROUP BY rollno;
id	rollno	group_concat(name)
1	1	Record_1,Record_3,Re
2	2	Record_2
4	3	Record_4,Record_6
7	4	Record_7,Record_8
Warnings:
Warning	1260	1 line(s) were cut by GROUP_CONCAT()
'#--------------------FN_DYNVARS_034_04-------------------------#'
## Setting session value of variable to 26. No warning should appear here ## 
## because the value after concatination is less than 30 ## 
SET @@session.group_concat_max_len = 26;
## Verifying value of name column, it should not give warning now ## 
SELECT id, rollno, group_concat(name) FROM t1 GROUP BY rollno;
id	rollno	group_concat(name)
1	1	Record_1,Record_3,Record_5
2	2	Record_2
4	3	Record_4,Record_6
7	4	Record_7,Record_8
## Dropping table t1 ##
DROP table t1;
## Disconnecting both the connection ##
SET @@group_concat_max_len = @save;
