# ========== routines.1 ==========
USE INFORMATION_SCHEMA;
SHOW CREATE TABLE INFORMATION_SCHEMA.ROUTINES;
Table	Create Table
ROUTINES	CREATE TEMPORARY TABLE `ROUTINES` (
  `SPECIFIC_NAME` varchar(64) NOT NULL DEFAULT '',
  `ROUTINE_CATALOG` varchar(512) DEFAULT NULL,
  `ROUTINE_SCHEMA` varchar(64) NOT NULL DEFAULT '',
  `ROUTINE_NAME` varchar(64) NOT NULL DEFAULT '',
  `ROUTINE_TYPE` varchar(9) NOT NULL DEFAULT '',
  `DATA_TYPE` varchar(256) NOT NULL DEFAULT '',
  `CHARACTER_MAXIMUM_LENGTH` int(21) DEFAULT NULL,
  `CHARACTER_OCTET_LENGTH` int(21) DEFAULT NULL,
  `NUMERIC_PRECISION` int(21) DEFAULT NULL,
  `NUMERIC_SCALE` int(21) DEFAULT NULL,
  `CHARACTER_SET_NAME` varchar(64) DEFAULT NULL,
  `COLLATION_NAME` varchar(64) DEFAULT NULL,
  `DTD_IDENTIFIER` longtext,
  `ROUTINE_BODY` varchar(8) NOT NULL DEFAULT '',
  `ROUTINE_DEFINITION` longtext,
  `EXTERNAL_NAME` varchar(64) DEFAULT NULL,
  `EXTERNAL_LANGUAGE` varchar(64) DEFAULT NULL,
  `PARAMETER_STYLE` varchar(8) NOT NULL DEFAULT '',
  `IS_DETERMINISTIC` varchar(3) NOT NULL DEFAULT '',
  `SQL_DATA_ACCESS` varchar(64) NOT NULL DEFAULT '',
  `SQL_PATH` varchar(64) DEFAULT NULL,
  `SECURITY_TYPE` varchar(7) NOT NULL DEFAULT '',
  `CREATED` datetime NOT NULL DEFAULT '0000-00-00 00:00:00',
  `LAST_ALTERED` datetime NOT NULL DEFAULT '0000-00-00 00:00:00',
  `SQL_MODE` longtext NOT NULL,
  `ROUTINE_COMMENT` varchar(64) NOT NULL DEFAULT '',
  `DEFINER` varchar(77) NOT NULL DEFAULT '',
  `CHARACTER_SET_CLIENT` varchar(32) NOT NULL DEFAULT '',
  `COLLATION_CONNECTION` varchar(32) NOT NULL DEFAULT '',
  `DATABASE_COLLATION` varchar(32) NOT NULL DEFAULT ''
) ENGINE=MyISAM DEFAULT CHARSET=utf8
SELECT * FROM information_schema.columns
WHERE table_schema = 'information_schema'
  AND table_name   = 'routines'
ORDER BY ordinal_position;
TABLE_CATALOG	TABLE_SCHEMA	TABLE_NAME	COLUMN_NAME	ORDINAL_POSITION	COLUMN_DEFAULT	IS_NULLABLE	DATA_TYPE	CHARACTER_MAXIMUM_LENGTH	CHARACTER_OCTET_LENGTH	NUMERIC_PRECISION	NUMERIC_SCALE	CHARACTER_SET_NAME	COLLATION_NAME	COLUMN_TYPE	COLUMN_KEY	EXTRA	PRIVILEGES	COLUMN_COMMENT	STORAGE	FORMAT
NULL	information_schema	routines	SPECIFIC_NAME	1		NO	varchar	64	256	NULL	NULL	utf8	utf8_general_ci	varchar(64)			select		Default	Default
NULL	information_schema	routines	ROUTINE_CATALOG	2	NULL	YES	varchar	512	2048	NULL	NULL	utf8	utf8_general_ci	varchar(512)			select		Default	Default
NULL	information_schema	routines	ROUTINE_SCHEMA	3		NO	varchar	64	256	NULL	NULL	utf8	utf8_general_ci	varchar(64)			select		Default	Default
NULL	information_schema	routines	ROUTINE_NAME	4		NO	varchar	64	256	NULL	NULL	utf8	utf8_general_ci	varchar(64)			select		Default	Default
NULL	information_schema	routines	ROUTINE_TYPE	5		NO	varchar	9	36	NULL	NULL	utf8	utf8_general_ci	varchar(9)			select		Default	Default
NULL	information_schema	routines	DATA_TYPE	6		NO	varchar	256	1024	NULL	NULL	utf8	utf8_general_ci	varchar(256)			select		Default	Default
NULL	information_schema	routines	CHARACTER_MAXIMUM_LENGTH	7	NULL	YES	int	NULL	NULL	10	0	NULL	NULL	int(21)			select		Default	Default
NULL	information_schema	routines	CHARACTER_OCTET_LENGTH	8	NULL	YES	int	NULL	NULL	10	0	NULL	NULL	int(21)			select		Default	Default
NULL	information_schema	routines	NUMERIC_PRECISION	9	NULL	YES	int	NULL	NULL	10	0	NULL	NULL	int(21)			select		Default	Default
NULL	information_schema	routines	NUMERIC_SCALE	10	NULL	YES	int	NULL	NULL	10	0	NULL	NULL	int(21)			select		Default	Default
NULL	information_schema	routines	CHARACTER_SET_NAME	11	NULL	YES	varchar	64	256	NULL	NULL	utf8	utf8_general_ci	varchar(64)			select		Default	Default
NULL	information_schema	routines	COLLATION_NAME	12	NULL	YES	varchar	64	256	NULL	NULL	utf8	utf8_general_ci	varchar(64)			select		Default	Default
NULL	information_schema	routines	DTD_IDENTIFIER	13	NULL	YES	longtext	4294967295	4294967295	NULL	NULL	utf8	utf8_general_ci	longtext			select		Default	Default
NULL	information_schema	routines	ROUTINE_BODY	14		NO	varchar	8	32	NULL	NULL	utf8	utf8_general_ci	varchar(8)			select		Default	Default
NULL	information_schema	routines	ROUTINE_DEFINITION	15	NULL	YES	longtext	4294967295	4294967295	NULL	NULL	utf8	utf8_general_ci	longtext			select		Default	Default
NULL	information_schema	routines	EXTERNAL_NAME	16	NULL	YES	varchar	64	256	NULL	NULL	utf8	utf8_general_ci	varchar(64)			select		Default	Default
NULL	information_schema	routines	EXTERNAL_LANGUAGE	17	NULL	YES	varchar	64	256	NULL	NULL	utf8	utf8_general_ci	varchar(64)			select		Default	Default
NULL	information_schema	routines	PARAMETER_STYLE	18		NO	varchar	8	32	NULL	NULL	utf8	utf8_general_ci	varchar(8)			select		Default	Default
NULL	information_schema	routines	IS_DETERMINISTIC	19		NO	varchar	3	12	NULL	NULL	utf8	utf8_general_ci	varchar(3)			select		Default	Default
NULL	information_schema	routines	SQL_DATA_ACCESS	20		NO	varchar	64	256	NULL	NULL	utf8	utf8_general_ci	varchar(64)			select		Default	Default
NULL	information_schema	routines	SQL_PATH	21	NULL	YES	varchar	64	256	NULL	NULL	utf8	utf8_general_ci	varchar(64)			select		Default	Default
NULL	information_schema	routines	SECURITY_TYPE	22		NO	varchar	7	28	NULL	NULL	utf8	utf8_general_ci	varchar(7)			select		Default	Default
NULL	information_schema	routines	CREATED	23	0000-00-00 00:00:00	NO	datetime	NULL	NULL	NULL	NULL	NULL	NULL	datetime			select		Default	Default
NULL	information_schema	routines	LAST_ALTERED	24	0000-00-00 00:00:00	NO	datetime	NULL	NULL	NULL	NULL	NULL	NULL	datetime			select		Default	Default
NULL	information_schema	routines	SQL_MODE	25	NULL	NO	longtext	4294967295	4294967295	NULL	NULL	utf8	utf8_general_ci	longtext			select		Default	Default
NULL	information_schema	routines	ROUTINE_COMMENT	26		NO	varchar	64	256	NULL	NULL	utf8	utf8_general_ci	varchar(64)			select		Default	Default
NULL	information_schema	routines	DEFINER	27		NO	varchar	77	308	NULL	NULL	utf8	utf8_general_ci	varchar(77)			select		Default	Default
NULL	information_schema	routines	CHARACTER_SET_CLIENT	28		NO	varchar	32	128	NULL	NULL	utf8	utf8_general_ci	varchar(32)			select		Default	Default
NULL	information_schema	routines	COLLATION_CONNECTION	29		NO	varchar	32	128	NULL	NULL	utf8	utf8_general_ci	varchar(32)			select		Default	Default
NULL	information_schema	routines	DATABASE_COLLATION	30		NO	varchar	32	128	NULL	NULL	utf8	utf8_general_ci	varchar(32)			select		Default	Default
DESCRIBE INFORMATION_SCHEMA.ROUTINES;
Field	Type	Null	Key	Default	Extra
SPECIFIC_NAME	varchar(64)	NO			
ROUTINE_CATALOG	varchar(512)	YES		NULL	
ROUTINE_SCHEMA	varchar(64)	NO			
ROUTINE_NAME	varchar(64)	NO			
ROUTINE_TYPE	varchar(9)	NO			
DATA_TYPE	varchar(256)	NO			
CHARACTER_MAXIMUM_LENGTH	int(21)	YES		NULL	
CHARACTER_OCTET_LENGTH	int(21)	YES		NULL	
NUMERIC_PRECISION	int(21)	YES		NULL	
NUMERIC_SCALE	int(21)	YES		NULL	
CHARACTER_SET_NAME	varchar(64)	YES		NULL	
COLLATION_NAME	varchar(64)	YES		NULL	
DTD_IDENTIFIER	longtext	YES		NULL	
ROUTINE_BODY	varchar(8)	NO			
ROUTINE_DEFINITION	longtext	YES		NULL	
EXTERNAL_NAME	varchar(64)	YES		NULL	
EXTERNAL_LANGUAGE	varchar(64)	YES		NULL	
PARAMETER_STYLE	varchar(8)	NO			
IS_DETERMINISTIC	varchar(3)	NO			
SQL_DATA_ACCESS	varchar(64)	NO			
SQL_PATH	varchar(64)	YES		NULL	
SECURITY_TYPE	varchar(7)	NO			
CREATED	datetime	NO		0000-00-00 00:00:00	
LAST_ALTERED	datetime	NO		0000-00-00 00:00:00	
SQL_MODE	longtext	NO		NULL	
ROUTINE_COMMENT	varchar(64)	NO			
DEFINER	varchar(77)	NO			
CHARACTER_SET_CLIENT	varchar(32)	NO			
COLLATION_CONNECTION	varchar(32)	NO			
DATABASE_COLLATION	varchar(32)	NO			
# ========== routines.2 ==========
DROP DATABASE IF EXISTS i_s_routines_test;
CREATE DATABASE i_s_routines_test;
USE i_s_routines_test;
CREATE FUNCTION test_func1 (s char(20) RETURNS CHAR(50)
RETURN CONCAT('Hello', ,s,'!');
ERROR 42000: You have an error in your SQL syntax; check the manual that corresponds to your MySQL server version for the right syntax to use near 'RETURNS CHAR(50)
RETURN CONCAT('Hello', ,s,'!')' at line 1
SELECT * FROM INFORMATION_SCHEMA.ROUTINES
WHERE ROUTINE_SCHEMA = 'i_s_routines_test' AND ROUTINE_NAME = 'test_func1';
SPECIFIC_NAME	ROUTINE_CATALOG	ROUTINE_SCHEMA	ROUTINE_NAME	ROUTINE_TYPE	DATA_TYPE	CHARACTER_MAXIMUM_LENGTH	CHARACTER_OCTET_LENGTH	NUMERIC_PRECISION	NUMERIC_SCALE	CHARACTER_SET_NAME	COLLATION_NAME	DTD_IDENTIFIER	ROUTINE_BODY	ROUTINE_DEFINITION	EXTERNAL_NAME	EXTERNAL_LANGUAGE	PARAMETER_STYLE	IS_DETERMINISTIC	SQL_DATA_ACCESS	SQL_PATH	SECURITY_TYPE	CREATED	LAST_ALTERED	SQL_MODE	ROUTINE_COMMENT	DEFINER	CHARACTER_SET_CLIENT	COLLATION_CONNECTION	DATABASE_COLLATION
# ========== routines.3 ==========
DROP DATABASE IF EXISTS i_s_routines_test;
CREATE DATABASE i_s_routines_test;
USE i_s_routines_test;
CREATE FUNCTION test_func1 (s char(20)) RETURNS CHAR(50)
RETURN CONCAT('Hello, ',s,'!');
SELECT * FROM INFORMATION_SCHEMA.ROUTINES
WHERE ROUTINE_SCHEMA = 'i_s_routines_test' AND ROUTINE_NAME = 'test_func1';
SPECIFIC_NAME	ROUTINE_CATALOG	ROUTINE_SCHEMA	ROUTINE_NAME	ROUTINE_TYPE	DATA_TYPE	CHARACTER_MAXIMUM_LENGTH	CHARACTER_OCTET_LENGTH	NUMERIC_PRECISION	NUMERIC_SCALE	CHARACTER_SET_NAME	COLLATION_NAME	DTD_IDENTIFIER	ROUTINE_BODY	ROUTINE_DEFINITION	EXTERNAL_NAME	EXTERNAL_LANGUAGE	PARAMETER_STYLE	IS_DETERMINISTIC	SQL_DATA_ACCESS	SQL_PATH	SECURITY_TYPE	CREATED	LAST_ALTERED	SQL_MODE	ROUTINE_COMMENT	DEFINER	CHARACTER_SET_CLIENT	COLLATION_CONNECTION	DATABASE_COLLATION
test_func1	NULL	i_s_routines_test	test_func1	FUNCTION	char	50	50	NULL	NULL	latin1	latin1_swedish_ci	char(50)	SQL	RETURN CONCAT('Hello, ',s,'!')	NULL	NULL	SQL	NO	CONTAINS SQL	NULL	DEFINER	<created>	<modified>			root@localhost	latin1	latin1_swedish_ci	latin1_swedish_ci
DROP FUNCTION test_func1;
SELECT * FROM INFORMATION_SCHEMA.ROUTINES
WHERE ROUTINE_SCHEMA = 'i_s_routines_test' AND ROUTINE_NAME = 'test_func1';
SPECIFIC_NAME	ROUTINE_CATALOG	ROUTINE_SCHEMA	ROUTINE_NAME	ROUTINE_TYPE	DATA_TYPE	CHARACTER_MAXIMUM_LENGTH	CHARACTER_OCTET_LENGTH	NUMERIC_PRECISION	NUMERIC_SCALE	CHARACTER_SET_NAME	COLLATION_NAME	DTD_IDENTIFIER	ROUTINE_BODY	ROUTINE_DEFINITION	EXTERNAL_NAME	EXTERNAL_LANGUAGE	PARAMETER_STYLE	IS_DETERMINISTIC	SQL_DATA_ACCESS	SQL_PATH	SECURITY_TYPE	CREATED	LAST_ALTERED	SQL_MODE	ROUTINE_COMMENT	DEFINER	CHARACTER_SET_CLIENT	COLLATION_CONNECTION	DATABASE_COLLATION
# ========== routines.4 ==========
DROP DATABASE IF EXISTS i_s_routines_test;
CREATE DATABASE i_s_routines_test;
USE i_s_routines_test;
CREATE PROCEDURE testproc (OUT param1 INT)
BEGIN
SELECT 2+2 as param1;
END;
//
SELECT * FROM INFORMATION_SCHEMA.ROUTINES
WHERE ROUTINE_SCHEMA = 'i_s_routines_test' AND ROUTINE_NAME = 'testproc';
SPECIFIC_NAME	ROUTINE_CATALOG	ROUTINE_SCHEMA	ROUTINE_NAME	ROUTINE_TYPE	DATA_TYPE	CHARACTER_MAXIMUM_LENGTH	CHARACTER_OCTET_LENGTH	NUMERIC_PRECISION	NUMERIC_SCALE	CHARACTER_SET_NAME	COLLATION_NAME	DTD_IDENTIFIER	ROUTINE_BODY	ROUTINE_DEFINITION	EXTERNAL_NAME	EXTERNAL_LANGUAGE	PARAMETER_STYLE	IS_DETERMINISTIC	SQL_DATA_ACCESS	SQL_PATH	SECURITY_TYPE	CREATED	LAST_ALTERED	SQL_MODE	ROUTINE_COMMENT	DEFINER	CHARACTER_SET_CLIENT	COLLATION_CONNECTION	DATABASE_COLLATION
testproc	NULL	i_s_routines_test	testproc	PROCEDURE		NULL	NULL	NULL	NULL	NULL	NULL	NULL	SQL	BEGIN
SELECT 2+2 as param1;
END	NULL	NULL	SQL	NO	CONTAINS SQL	NULL	DEFINER	<created>	<modified>			root@localhost	latin1	latin1_swedish_ci	latin1_swedish_ci
# ========== routines.5 ==========
DROP DATABASE IF EXISTS i_s_routines_test;
CREATE DATABASE i_s_routines_test;
USE i_s_routines_test;
CREATE FUNCTION test_func1 (s char(20)) RETURNS CHAR(50)
RETURN CONCAT('Hello, ',s,'!');
SELECT * FROM INFORMATION_SCHEMA.ROUTINES
WHERE ROUTINE_SCHEMA = 'i_s_routines_test' AND ROUTINE_NAME = 'test_func1';
SPECIFIC_NAME	ROUTINE_CATALOG	ROUTINE_SCHEMA	ROUTINE_NAME	ROUTINE_TYPE	DATA_TYPE	CHARACTER_MAXIMUM_LENGTH	CHARACTER_OCTET_LENGTH	NUMERIC_PRECISION	NUMERIC_SCALE	CHARACTER_SET_NAME	COLLATION_NAME	DTD_IDENTIFIER	ROUTINE_BODY	ROUTINE_DEFINITION	EXTERNAL_NAME	EXTERNAL_LANGUAGE	PARAMETER_STYLE	IS_DETERMINISTIC	SQL_DATA_ACCESS	SQL_PATH	SECURITY_TYPE	CREATED	LAST_ALTERED	SQL_MODE	ROUTINE_COMMENT	DEFINER	CHARACTER_SET_CLIENT	COLLATION_CONNECTION	DATABASE_COLLATION
test_func1	NULL	i_s_routines_test	test_func1	FUNCTION	char	50	50	NULL	NULL	latin1	latin1_swedish_ci	char(50)	SQL	RETURN CONCAT('Hello, ',s,'!')	NULL	NULL	SQL	NO	CONTAINS SQL	NULL	DEFINER	<created>	<modified>			root@localhost	latin1	latin1_swedish_ci	latin1_swedish_ci
# ========== routines.6 ==========
DROP DATABASE IF EXISTS i_s_routines_test;
CREATE DATABASE i_s_routines_test;
USE i_s_routines_test;
CREATE FUNCTION test_func2 (s int) RETURNS INT RETURN s*2;
SELECT * FROM INFORMATION_SCHEMA.ROUTINES
WHERE ROUTINE_SCHEMA = 'i_s_routines_test' AND ROUTINE_NAME = 'test_func2';
SPECIFIC_NAME	ROUTINE_CATALOG	ROUTINE_SCHEMA	ROUTINE_NAME	ROUTINE_TYPE	DATA_TYPE	CHARACTER_MAXIMUM_LENGTH	CHARACTER_OCTET_LENGTH	NUMERIC_PRECISION	NUMERIC_SCALE	CHARACTER_SET_NAME	COLLATION_NAME	DTD_IDENTIFIER	ROUTINE_BODY	ROUTINE_DEFINITION	EXTERNAL_NAME	EXTERNAL_LANGUAGE	PARAMETER_STYLE	IS_DETERMINISTIC	SQL_DATA_ACCESS	SQL_PATH	SECURITY_TYPE	CREATED	LAST_ALTERED	SQL_MODE	ROUTINE_COMMENT	DEFINER	CHARACTER_SET_CLIENT	COLLATION_CONNECTION	DATABASE_COLLATION
test_func2	NULL	i_s_routines_test	test_func2	FUNCTION	int	NULL	NULL	10	0	NULL	NULL	int(11)	SQL	RETURN s*2	NULL	NULL	SQL	NO	CONTAINS SQL	NULL	DEFINER	<created>	<modified>			root@localhost	latin1	latin1_swedish_ci	latin1_swedish_ci
# ========== routines.7 ==========
DROP DATABASE IF EXISTS i_s_routines_test;
CREATE DATABASE i_s_routines_test;
USE i_s_routines_test;
CREATE FUNCTION test_func5 (s date) RETURNS TIMESTAMP
RETURN CURRENT_TIMESTAMP;
SELECT * FROM INFORMATION_SCHEMA.ROUTINES
WHERE ROUTINE_SCHEMA = 'i_s_routines_test' AND ROUTINE_NAME = 'test_func5';
SPECIFIC_NAME	ROUTINE_CATALOG	ROUTINE_SCHEMA	ROUTINE_NAME	ROUTINE_TYPE	DATA_TYPE	CHARACTER_MAXIMUM_LENGTH	CHARACTER_OCTET_LENGTH	NUMERIC_PRECISION	NUMERIC_SCALE	CHARACTER_SET_NAME	COLLATION_NAME	DTD_IDENTIFIER	ROUTINE_BODY	ROUTINE_DEFINITION	EXTERNAL_NAME	EXTERNAL_LANGUAGE	PARAMETER_STYLE	IS_DETERMINISTIC	SQL_DATA_ACCESS	SQL_PATH	SECURITY_TYPE	CREATED	LAST_ALTERED	SQL_MODE	ROUTINE_COMMENT	DEFINER	CHARACTER_SET_CLIENT	COLLATION_CONNECTION	DATABASE_COLLATION
test_func5	NULL	i_s_routines_test	test_func5	FUNCTION	timestamp	NULL	NULL	NULL	NULL	NULL	NULL	timestamp	SQL	RETURN CURRENT_TIMESTAMP	NULL	NULL	SQL	NO	CONTAINS SQL	NULL	DEFINER	<created>	<modified>			root@localhost	latin1	latin1_swedish_ci	latin1_swedish_ci
# ========== routines.8 ==========
DROP DATABASE IF EXISTS i_s_routines_test;
CREATE DATABASE i_s_routines_test;
USE i_s_routines_test;
CREATE FUNCTION test_func5 (s date) RETURNS TIMESTAMP
RETURN CURRENT_TIMESTAMP;
SELECT * FROM INFORMATION_SCHEMA.ROUTINES
WHERE ROUTINE_SCHEMA = 'i_s_routines_test' AND ROUTINE_NAME = 'test_func5';
SPECIFIC_NAME	ROUTINE_CATALOG	ROUTINE_SCHEMA	ROUTINE_NAME	ROUTINE_TYPE	DATA_TYPE	CHARACTER_MAXIMUM_LENGTH	CHARACTER_OCTET_LENGTH	NUMERIC_PRECISION	NUMERIC_SCALE	CHARACTER_SET_NAME	COLLATION_NAME	DTD_IDENTIFIER	ROUTINE_BODY	ROUTINE_DEFINITION	EXTERNAL_NAME	EXTERNAL_LANGUAGE	PARAMETER_STYLE	IS_DETERMINISTIC	SQL_DATA_ACCESS	SQL_PATH	SECURITY_TYPE	CREATED	LAST_ALTERED	SQL_MODE	ROUTINE_COMMENT	DEFINER	CHARACTER_SET_CLIENT	COLLATION_CONNECTION	DATABASE_COLLATION
test_func5	NULL	i_s_routines_test	test_func5	FUNCTION	timestamp	NULL	NULL	NULL	NULL	NULL	NULL	timestamp	SQL	RETURN CURRENT_TIMESTAMP	NULL	NULL	SQL	NO	CONTAINS SQL	NULL	DEFINER	<created>	<modified>			root@localhost	latin1	latin1_swedish_ci	latin1_swedish_ci
ALTER FUNCTION test_func5 COMMENT 'new comment added';
SELECT * FROM INFORMATION_SCHEMA.ROUTINES
WHERE ROUTINE_SCHEMA = 'i_s_routines_test' AND ROUTINE_NAME = 'test_func5';
SPECIFIC_NAME	ROUTINE_CATALOG	ROUTINE_SCHEMA	ROUTINE_NAME	ROUTINE_TYPE	DATA_TYPE	CHARACTER_MAXIMUM_LENGTH	CHARACTER_OCTET_LENGTH	NUMERIC_PRECISION	NUMERIC_SCALE	CHARACTER_SET_NAME	COLLATION_NAME	DTD_IDENTIFIER	ROUTINE_BODY	ROUTINE_DEFINITION	EXTERNAL_NAME	EXTERNAL_LANGUAGE	PARAMETER_STYLE	IS_DETERMINISTIC	SQL_DATA_ACCESS	SQL_PATH	SECURITY_TYPE	CREATED	LAST_ALTERED	SQL_MODE	ROUTINE_COMMENT	DEFINER	CHARACTER_SET_CLIENT	COLLATION_CONNECTION	DATABASE_COLLATION
test_func5	NULL	i_s_routines_test	test_func5	FUNCTION	timestamp	NULL	NULL	NULL	NULL	NULL	NULL	timestamp	SQL	RETURN CURRENT_TIMESTAMP	NULL	NULL	SQL	NO	CONTAINS SQL	NULL	DEFINER	<created>	<modified>		new comment added	root@localhost	latin1	latin1_swedish_ci	latin1_swedish_ci
# ========== routines.9 ==========
DROP DATABASE IF EXISTS i_s_routines_test;
CREATE DATABASE i_s_routines_test CHARACTER SET  utf8;
USE i_s_routines_test;
CREATE FUNCTION test_func5 (s CHAR(20)) RETURNS VARCHAR(30)
RETURN CONCAT('XYZ, ' ,s);
SELECT * FROM INFORMATION_SCHEMA.ROUTINES
WHERE ROUTINE_SCHEMA = 'i_s_routines_test' AND ROUTINE_NAME = 'test_func5';
SPECIFIC_NAME	ROUTINE_CATALOG	ROUTINE_SCHEMA	ROUTINE_NAME	ROUTINE_TYPE	DATA_TYPE	CHARACTER_MAXIMUM_LENGTH	CHARACTER_OCTET_LENGTH	NUMERIC_PRECISION	NUMERIC_SCALE	CHARACTER_SET_NAME	COLLATION_NAME	DTD_IDENTIFIER	ROUTINE_BODY	ROUTINE_DEFINITION	EXTERNAL_NAME	EXTERNAL_LANGUAGE	PARAMETER_STYLE	IS_DETERMINISTIC	SQL_DATA_ACCESS	SQL_PATH	SECURITY_TYPE	CREATED	LAST_ALTERED	SQL_MODE	ROUTINE_COMMENT	DEFINER	CHARACTER_SET_CLIENT	COLLATION_CONNECTION	DATABASE_COLLATION
test_func5	NULL	i_s_routines_test	test_func5	FUNCTION	varchar	30	120	NULL	NULL	utf8	utf8_general_ci	varchar(30)	SQL	RETURN CONCAT('XYZ, ' ,s)	NULL	NULL	SQL	NO	CONTAINS SQL	NULL	DEFINER	<created>	<modified>			root@localhost	latin1	latin1_swedish_ci	utf8_general_ci
DROP DATABASE i_s_routines_test;
