INSERT INTO init_file.startup VALUES ( NOW() );
SELECT * INTO @X FROM init_file.startup limit 0,1;
SELECT * INTO @Y FROM init_file.startup limit 1,1;
SELECT YEAR(@X)-YEAR(@Y);
YEAR(@X)-YEAR(@Y)
0
DROP DATABASE init_file;
ok
End of 4.1 tests
