DROP TABLE IF EXISTS t1,T1;
CREATE TABLE t1 (a int);
SELECT * from T1;
a
drop table t1;
flush tables;
CREATE TABLE t1 (a int) ENGINE=INNODB;
SELECT * from T1;
ERROR HY000: Got error 1 from storage engine
drop table t1;
