DROP SCHEMA IF EXISTS `mysqlslap`;
CREATE SCHEMA `mysqlslap`;
use mysqlslap;
set storage_engine=`MYISAM`;
CREATE TABLE t1 (id int, name varchar(64));
INSERT INTO t1 VALUES (1, 'This is a test');
INSERT INTO t1 VALUES (1, 'This is a test');
INSERT INTO t1 VALUES (1, 'This is a test');
INSERT INTO t1 VALUES (1, 'This is a test');
INSERT INTO t1 VALUES (1, 'This is a test');
INSERT INTO t1 VALUES (1, 'This is a test');
INSERT INTO t1 VALUES (1, 'This is a test');
INSERT INTO t1 VALUES (1, 'This is a test');
INSERT INTO t1 VALUES (1, 'This is a test');
INSERT INTO t1 VALUES (1, 'This is a test');
DROP SCHEMA IF EXISTS `mysqlslap`;
CREATE SCHEMA `mysqlslap`;
use mysqlslap;
set storage_engine=`MYISAM`;
CREATE TABLE t1 (id int, name varchar(64));
INSERT INTO t1 VALUES (1, 'This is a test');
INSERT INTO t1 VALUES (1, 'This is a test');
INSERT INTO t1 VALUES (1, 'This is a test');
INSERT INTO t1 VALUES (1, 'This is a test');
INSERT INTO t1 VALUES (1, 'This is a test');
INSERT INTO t1 VALUES (1, 'This is a test');
INSERT INTO t1 VALUES (1, 'This is a test');
INSERT INTO t1 VALUES (1, 'This is a test');
INSERT INTO t1 VALUES (1, 'This is a test');
INSERT INTO t1 VALUES (1, 'This is a test');
DROP SCHEMA IF EXISTS `mysqlslap`;
CREATE SCHEMA `mysqlslap`;
use mysqlslap;
set storage_engine=`MYISAM`;
CREATE TABLE t1 (id int, name varchar(64));
INSERT INTO t1 VALUES (1, 'This is a test');
INSERT INTO t1 VALUES (1, 'This is a test');
INSERT INTO t1 VALUES (1, 'This is a test');
INSERT INTO t1 VALUES (1, 'This is a test');
INSERT INTO t1 VALUES (1, 'This is a test');
INSERT INTO t1 VALUES (1, 'This is a test');
INSERT INTO t1 VALUES (1, 'This is a test');
INSERT INTO t1 VALUES (1, 'This is a test');
INSERT INTO t1 VALUES (1, 'This is a test');
INSERT INTO t1 VALUES (1, 'This is a test');
DROP SCHEMA IF EXISTS `mysqlslap`;
CREATE SCHEMA `mysqlslap`;
use mysqlslap;
set storage_engine=`MYISAM`;
CREATE TABLE t1 (id int, name varchar(64));
INSERT INTO t1 VALUES (1, 'This is a test');
INSERT INTO t1 VALUES (1, 'This is a test');
INSERT INTO t1 VALUES (1, 'This is a test');
INSERT INTO t1 VALUES (1, 'This is a test');
INSERT INTO t1 VALUES (1, 'This is a test');
INSERT INTO t1 VALUES (1, 'This is a test');
INSERT INTO t1 VALUES (1, 'This is a test');
INSERT INTO t1 VALUES (1, 'This is a test');
INSERT INTO t1 VALUES (1, 'This is a test');
INSERT INTO t1 VALUES (1, 'This is a test');
DROP SCHEMA IF EXISTS `mysqlslap`;
CREATE SCHEMA `mysqlslap`;
use mysqlslap;
set storage_engine=`MYISAM`;
CREATE TABLE t1 (id int, name varchar(64));
INSERT INTO t1 VALUES (1, 'This is a test');
INSERT INTO t1 VALUES (1, 'This is a test');
INSERT INTO t1 VALUES (1, 'This is a test');
INSERT INTO t1 VALUES (1, 'This is a test');
INSERT INTO t1 VALUES (1, 'This is a test');
INSERT INTO t1 VALUES (1, 'This is a test');
INSERT INTO t1 VALUES (1, 'This is a test');
INSERT INTO t1 VALUES (1, 'This is a test');
INSERT INTO t1 VALUES (1, 'This is a test');
INSERT INTO t1 VALUES (1, 'This is a test');
DROP SCHEMA IF EXISTS `mysqlslap`;
CREATE SCHEMA `mysqlslap`;
use mysqlslap;
set storage_engine=`MYISAM`;
CREATE TABLE t1 (id int, name varchar(64));
select * from t1;
select * from t1;
select * from t1;
select * from t1;
select * from t1;
select * from t1;
select * from t1;
select * from t1;
select * from t1;
select * from t1;
select * from t1;
select * from t1;
select * from t1;
select * from t1;
select * from t1;
select * from t1;
select * from t1;
select * from t1;
select * from t1;
select * from t1;
DROP SCHEMA IF EXISTS `mysqlslap`;
CREATE SCHEMA `mysqlslap`;
use mysqlslap;
set storage_engine=`MYISAM`;
CREATE TABLE t1 (id int, name varchar(64));
select * from t1;
select * from t1;
select * from t1;
select * from t1;
select * from t1;
select * from t1;
select * from t1;
select * from t1;
select * from t1;
select * from t1;
select * from t1;
select * from t1;
select * from t1;
select * from t1;
select * from t1;
select * from t1;
select * from t1;
select * from t1;
select * from t1;
select * from t1;
DROP SCHEMA IF EXISTS `mysqlslap`;
CREATE SCHEMA `mysqlslap`;
use mysqlslap;
set storage_engine=`MYISAM`;
CREATE TABLE t1 (id int, name varchar(64));
select * from t1;
select * from t1;
select * from t1;
select * from t1;
select * from t1;
select * from t1;
select * from t1;
select * from t1;
select * from t1;
select * from t1;
select * from t1;
select * from t1;
select * from t1;
select * from t1;
select * from t1;
select * from t1;
select * from t1;
select * from t1;
select * from t1;
select * from t1;
DROP SCHEMA IF EXISTS `mysqlslap`;
CREATE SCHEMA `mysqlslap`;
use mysqlslap;
set storage_engine=`MYISAM`;
CREATE TABLE t1 (id int, name varchar(64));
select * from t1;
select * from t1;
select * from t1;
select * from t1;
select * from t1;
select * from t1;
select * from t1;
select * from t1;
select * from t1;
select * from t1;
select * from t1;
select * from t1;
select * from t1;
select * from t1;
select * from t1;
select * from t1;
select * from t1;
select * from t1;
select * from t1;
select * from t1;
DROP SCHEMA IF EXISTS `mysqlslap`;
CREATE SCHEMA `mysqlslap`;
use mysqlslap;
set storage_engine=`MYISAM`;
CREATE TABLE t1 (id int, name varchar(64));
select * from t1;
select * from t1;
select * from t1;
select * from t1;
select * from t1;
select * from t1;
select * from t1;
select * from t1;
select * from t1;
select * from t1;
select * from t1;
select * from t1;
select * from t1;
select * from t1;
select * from t1;
select * from t1;
select * from t1;
select * from t1;
select * from t1;
select * from t1;
DROP SCHEMA IF EXISTS `mysqlslap`;
CREATE SCHEMA `mysqlslap`;
use mysqlslap;
set storage_engine=`MYISAM`;
CREATE TABLE t1 (id int, name varchar(64));
DROP SCHEMA IF EXISTS `mysqlslap`;
DROP SCHEMA IF EXISTS `mysqlslap`;
CREATE SCHEMA `mysqlslap`;
use mysqlslap;
set storage_engine=`MYISAM`;
CREATE TABLE t1 (id int, name varchar(64));
create table t2(foo1 varchar(32), foo2 varchar(32));
INSERT INTO t1 VALUES (1, 'This is a test');
insert into t2 values ('test', 'test2');
INSERT INTO t1 VALUES (1, 'This is a test');
insert into t2 values ('test', 'test2');
INSERT INTO t1 VALUES (1, 'This is a test');
insert into t2 values ('test', 'test2');
INSERT INTO t1 VALUES (1, 'This is a test');
insert into t2 values ('test', 'test2');
INSERT INTO t1 VALUES (1, 'This is a test');
insert into t2 values ('test', 'test2');
INSERT INTO t1 VALUES (1, 'This is a test');
insert into t2 values ('test', 'test2');
INSERT INTO t1 VALUES (1, 'This is a test');
insert into t2 values ('test', 'test2');
INSERT INTO t1 VALUES (1, 'This is a test');
insert into t2 values ('test', 'test2');
INSERT INTO t1 VALUES (1, 'This is a test');
insert into t2 values ('test', 'test2');
INSERT INTO t1 VALUES (1, 'This is a test');
insert into t2 values ('test', 'test2');
DROP SCHEMA IF EXISTS `mysqlslap`;
CREATE SCHEMA `mysqlslap`;
use mysqlslap;
set storage_engine=`MYISAM`;
CREATE TABLE t1 (id int, name varchar(64));
create table t2(foo1 varchar(32), foo2 varchar(32));
INSERT INTO t1 VALUES (1, 'This is a test');
insert into t2 values ('test', 'test2');
INSERT INTO t1 VALUES (1, 'This is a test');
insert into t2 values ('test', 'test2');
INSERT INTO t1 VALUES (1, 'This is a test');
insert into t2 values ('test', 'test2');
INSERT INTO t1 VALUES (1, 'This is a test');
insert into t2 values ('test', 'test2');
INSERT INTO t1 VALUES (1, 'This is a test');
insert into t2 values ('test', 'test2');
INSERT INTO t1 VALUES (1, 'This is a test');
insert into t2 values ('test', 'test2');
INSERT INTO t1 VALUES (1, 'This is a test');
insert into t2 values ('test', 'test2');
INSERT INTO t1 VALUES (1, 'This is a test');
insert into t2 values ('test', 'test2');
INSERT INTO t1 VALUES (1, 'This is a test');
insert into t2 values ('test', 'test2');
INSERT INTO t1 VALUES (1, 'This is a test');
insert into t2 values ('test', 'test2');
DROP SCHEMA IF EXISTS `mysqlslap`;
CREATE SCHEMA `mysqlslap`;
use mysqlslap;
set storage_engine=`MYISAM`;
CREATE TABLE t1 (id int, name varchar(64));
create table t2(foo1 varchar(32), foo2 varchar(32));
INSERT INTO t1 VALUES (1, 'This is a test');
insert into t2 values ('test', 'test2');
INSERT INTO t1 VALUES (1, 'This is a test');
insert into t2 values ('test', 'test2');
INSERT INTO t1 VALUES (1, 'This is a test');
insert into t2 values ('test', 'test2');
INSERT INTO t1 VALUES (1, 'This is a test');
insert into t2 values ('test', 'test2');
INSERT INTO t1 VALUES (1, 'This is a test');
insert into t2 values ('test', 'test2');
INSERT INTO t1 VALUES (1, 'This is a test');
insert into t2 values ('test', 'test2');
INSERT INTO t1 VALUES (1, 'This is a test');
insert into t2 values ('test', 'test2');
INSERT INTO t1 VALUES (1, 'This is a test');
insert into t2 values ('test', 'test2');
INSERT INTO t1 VALUES (1, 'This is a test');
insert into t2 values ('test', 'test2');
INSERT INTO t1 VALUES (1, 'This is a test');
insert into t2 values ('test', 'test2');
DROP SCHEMA IF EXISTS `mysqlslap`;
CREATE SCHEMA `mysqlslap`;
use mysqlslap;
set storage_engine=`MYISAM`;
CREATE TABLE t1 (id int, name varchar(64));
create table t2(foo1 varchar(32), foo2 varchar(32));
INSERT INTO t1 VALUES (1, 'This is a test');
insert into t2 values ('test', 'test2');
INSERT INTO t1 VALUES (1, 'This is a test');
insert into t2 values ('test', 'test2');
INSERT INTO t1 VALUES (1, 'This is a test');
insert into t2 values ('test', 'test2');
INSERT INTO t1 VALUES (1, 'This is a test');
insert into t2 values ('test', 'test2');
INSERT INTO t1 VALUES (1, 'This is a test');
insert into t2 values ('test', 'test2');
INSERT INTO t1 VALUES (1, 'This is a test');
insert into t2 values ('test', 'test2');
INSERT INTO t1 VALUES (1, 'This is a test');
insert into t2 values ('test', 'test2');
INSERT INTO t1 VALUES (1, 'This is a test');
insert into t2 values ('test', 'test2');
INSERT INTO t1 VALUES (1, 'This is a test');
insert into t2 values ('test', 'test2');
INSERT INTO t1 VALUES (1, 'This is a test');
insert into t2 values ('test', 'test2');
DROP SCHEMA IF EXISTS `mysqlslap`;
CREATE SCHEMA `mysqlslap`;
use mysqlslap;
set storage_engine=`MYISAM`;
CREATE TABLE t1 (id int, name varchar(64));
create table t2(foo1 varchar(32), foo2 varchar(32));
INSERT INTO t1 VALUES (1, 'This is a test');
insert into t2 values ('test', 'test2');
INSERT INTO t1 VALUES (1, 'This is a test');
insert into t2 values ('test', 'test2');
INSERT INTO t1 VALUES (1, 'This is a test');
insert into t2 values ('test', 'test2');
INSERT INTO t1 VALUES (1, 'This is a test');
insert into t2 values ('test', 'test2');
INSERT INTO t1 VALUES (1, 'This is a test');
insert into t2 values ('test', 'test2');
INSERT INTO t1 VALUES (1, 'This is a test');
insert into t2 values ('test', 'test2');
INSERT INTO t1 VALUES (1, 'This is a test');
insert into t2 values ('test', 'test2');
INSERT INTO t1 VALUES (1, 'This is a test');
insert into t2 values ('test', 'test2');
INSERT INTO t1 VALUES (1, 'This is a test');
insert into t2 values ('test', 'test2');
INSERT INTO t1 VALUES (1, 'This is a test');
insert into t2 values ('test', 'test2');
DROP SCHEMA IF EXISTS `mysqlslap`;
CREATE SCHEMA `mysqlslap`;
use mysqlslap;
set storage_engine=`MYISAM`;
CREATE TABLE t1 (id int, name varchar(64));
create table t2(foo1 varchar(32), foo2 varchar(32));
select * from t1;
select * from t2;
select * from t1;
select * from t2;
select * from t1;
select * from t2;
select * from t1;
select * from t2;
select * from t1;
select * from t2;
select * from t1;
select * from t2;
select * from t1;
select * from t2;
select * from t1;
select * from t2;
select * from t1;
select * from t2;
select * from t1;
select * from t2;
select * from t1;
select * from t2;
select * from t1;
select * from t2;
select * from t1;
select * from t2;
select * from t1;
select * from t2;
select * from t1;
select * from t2;
select * from t1;
select * from t2;
select * from t1;
select * from t2;
select * from t1;
select * from t2;
select * from t1;
select * from t2;
select * from t1;
select * from t2;
DROP SCHEMA IF EXISTS `mysqlslap`;
CREATE SCHEMA `mysqlslap`;
use mysqlslap;
set storage_engine=`MYISAM`;
CREATE TABLE t1 (id int, name varchar(64));
create table t2(foo1 varchar(32), foo2 varchar(32));
select * from t1;
select * from t2;
select * from t1;
select * from t2;
select * from t1;
select * from t2;
select * from t1;
select * from t2;
select * from t1;
select * from t2;
select * from t1;
select * from t2;
select * from t1;
select * from t2;
select * from t1;
select * from t2;
select * from t1;
select * from t2;
select * from t1;
select * from t2;
select * from t1;
select * from t2;
select * from t1;
select * from t2;
select * from t1;
select * from t2;
select * from t1;
select * from t2;
select * from t1;
select * from t2;
select * from t1;
select * from t2;
select * from t1;
select * from t2;
select * from t1;
select * from t2;
select * from t1;
select * from t2;
select * from t1;
select * from t2;
DROP SCHEMA IF EXISTS `mysqlslap`;
CREATE SCHEMA `mysqlslap`;
use mysqlslap;
set storage_engine=`MYISAM`;
CREATE TABLE t1 (id int, name varchar(64));
create table t2(foo1 varchar(32), foo2 varchar(32));
select * from t1;
select * from t2;
select * from t1;
select * from t2;
select * from t1;
select * from t2;
select * from t1;
select * from t2;
select * from t1;
select * from t2;
select * from t1;
select * from t2;
select * from t1;
select * from t2;
select * from t1;
select * from t2;
select * from t1;
select * from t2;
select * from t1;
select * from t2;
select * from t1;
select * from t2;
select * from t1;
select * from t2;
select * from t1;
select * from t2;
select * from t1;
select * from t2;
select * from t1;
select * from t2;
select * from t1;
select * from t2;
select * from t1;
select * from t2;
select * from t1;
select * from t2;
select * from t1;
select * from t2;
select * from t1;
select * from t2;
DROP SCHEMA IF EXISTS `mysqlslap`;
CREATE SCHEMA `mysqlslap`;
use mysqlslap;
set storage_engine=`MYISAM`;
CREATE TABLE t1 (id int, name varchar(64));
create table t2(foo1 varchar(32), foo2 varchar(32));
select * from t1;
select * from t2;
select * from t1;
select * from t2;
select * from t1;
select * from t2;
select * from t1;
select * from t2;
select * from t1;
select * from t2;
select * from t1;
select * from t2;
select * from t1;
select * from t2;
select * from t1;
select * from t2;
select * from t1;
select * from t2;
select * from t1;
select * from t2;
select * from t1;
select * from t2;
select * from t1;
select * from t2;
select * from t1;
select * from t2;
select * from t1;
select * from t2;
select * from t1;
select * from t2;
select * from t1;
select * from t2;
select * from t1;
select * from t2;
select * from t1;
select * from t2;
select * from t1;
select * from t2;
select * from t1;
select * from t2;
DROP SCHEMA IF EXISTS `mysqlslap`;
CREATE SCHEMA `mysqlslap`;
use mysqlslap;
set storage_engine=`MYISAM`;
CREATE TABLE t1 (id int, name varchar(64));
create table t2(foo1 varchar(32), foo2 varchar(32));
select * from t1;
select * from t2;
select * from t1;
select * from t2;
select * from t1;
select * from t2;
select * from t1;
select * from t2;
select * from t1;
select * from t2;
select * from t1;
select * from t2;
select * from t1;
select * from t2;
select * from t1;
select * from t2;
select * from t1;
select * from t2;
select * from t1;
select * from t2;
select * from t1;
select * from t2;
select * from t1;
select * from t2;
select * from t1;
select * from t2;
select * from t1;
select * from t2;
select * from t1;
select * from t2;
select * from t1;
select * from t2;
select * from t1;
select * from t2;
select * from t1;
select * from t2;
select * from t1;
select * from t2;
select * from t1;
select * from t2;
DROP SCHEMA IF EXISTS `mysqlslap`;
CREATE SCHEMA `mysqlslap`;
use mysqlslap;
set storage_engine=`MYISAM`;
CREATE TABLE t1 (id int, name varchar(64));
create table t2(foo1 varchar(32), foo2 varchar(32));
DROP SCHEMA IF EXISTS `mysqlslap`;
