1
1
ERROR 1064 (42000) at line 3: You have an error in your SQL syntax; check the manual that corresponds to your MySQL server version for the right syntax to use near '' at line 1
ERROR at line 1: USE must be followed by a database name
create table t17583 (a int);
insert into t17583 (a) values (0),(1),(2),(3),(4),(5),(6),(7),(8),(9);
insert into t17583 select a from t17583;
insert into t17583 select a from t17583;
insert into t17583 select a from t17583;
insert into t17583 select a from t17583;
insert into t17583 select a from t17583;
insert into t17583 select a from t17583;
insert into t17583 select a from t17583;
select count(*) from t17583;
count(*)
1280
drop table t17583;
End of 4.1 tests.
