drop table if exists t1;
CREATE TABLE t1 (
a int not null,
b int not null,
c int not null,
primary key(a,b))
partition by key (a);
select count(*) from t1;
count(*)
0
show create table t1;
Table	Create Table
t1	CREATE TABLE `t1` (
  `a` int(11) NOT NULL,
  `b` int(11) NOT NULL,
  `c` int(11) NOT NULL,
  PRIMARY KEY  (`a`,`b`)
) ENGINE=MyISAM DEFAULT CHARSET=latin1 PARTITION BY KEY (a) 
drop table t1;
CREATE TABLE t1 (
a int not null,
b int not null,
c int not null,
primary key(a,b))
partition by key (a, b);
drop table t1;
CREATE TABLE t1 (
a int not null,
b int not null,
c int not null,
primary key(a,b))
partition by key (a)
partitions 3
(partition x1, partition x2, partition x3);
drop table t1;
CREATE TABLE t1 (
a int not null,
b int not null,
c int not null,
primary key(a,b))
partition by key (a)
partitions 3
(partition x1 nodegroup 0,
partition x2 nodegroup 1,
partition x3 nodegroup 2);
drop table t1;
CREATE TABLE t1 (
a int not null,
b int not null,
c int not null,
primary key(a,b))
partition by key (a)
partitions 3
(partition x1 engine myisam,
partition x2 engine myisam,
partition x3 engine myisam);
drop table t1;
CREATE TABLE t1 (
a int not null,
b int not null,
c int not null,
primary key(a,b))
partition by key (a)
partitions 3
(partition x1 tablespace ts1,
partition x2 tablespace ts2,
partition x3 tablespace ts3);
CREATE TABLE t2 LIKE t1;
drop table t2;
drop table t1;
CREATE TABLE t1 (
a int not null,
b int not null,
c int not null,
primary key(a,b))
partition by list (a)
partitions 3
(partition x1 values in (1,2,9,4) tablespace ts1,
partition x2 values in (3, 11, 5, 7) tablespace ts2,
partition x3 values in (16, 8, 5+19, 70-43) tablespace ts3);
drop table t1;
CREATE TABLE t1 (
a int not null,
b int not null,
c int not null,
primary key(a,b))
partition by list (b*a)
partitions 3
(partition x1 values in (1,2,9,4) tablespace ts1,
partition x2 values in (3, 11, 5, 7) tablespace ts2,
partition x3 values in (16, 8, 5+19, 70-43) tablespace ts3);
drop table t1;
CREATE TABLE t1 (
a int not null,
b int not null,
c int not null,
primary key(a,b))
partition by list (b*a)
(partition x1 values in (1) tablespace ts1,
partition x2 values in (3, 11, 5, 7) tablespace ts2,
partition x3 values in (16, 8, 5+19, 70-43) tablespace ts3);
drop table t1;
CREATE TABLE t1 (
a int not null)
partition by key(a);
LOCK TABLES t1 WRITE;
insert into t1 values (1);
insert into t1 values (2);
insert into t1 values (3);
insert into t1 values (4);
UNLOCK TABLES;
drop table t1;
CREATE TABLE t1 (a int, name VARCHAR(50), purchased DATE)
PARTITION BY RANGE (a)
(PARTITION p0 VALUES LESS THAN (3),
PARTITION p1 VALUES LESS THAN (7),
PARTITION p2 VALUES LESS THAN (9),
PARTITION p3 VALUES LESS THAN (11));
INSERT INTO t1 VALUES
(1, 'desk organiser', '2003-10-15'),
(2, 'CD player', '1993-11-05'),
(3, 'TV set', '1996-03-10'),
(4, 'bookcase', '1982-01-10'),
(5, 'exercise bike', '2004-05-09'),
(6, 'sofa', '1987-06-05'),
(7, 'popcorn maker', '2001-11-22'),
(8, 'acquarium', '1992-08-04'),
(9, 'study desk', '1984-09-16'),
(10, 'lava lamp', '1998-12-25');
SELECT * from t1 ORDER BY a;
a	name	purchased
1	desk organiser	2003-10-15
2	CD player	1993-11-05
3	TV set	1996-03-10
4	bookcase	1982-01-10
5	exercise bike	2004-05-09
6	sofa	1987-06-05
7	popcorn maker	2001-11-22
8	acquarium	1992-08-04
9	study desk	1984-09-16
10	lava lamp	1998-12-25
ALTER TABLE t1 DROP PARTITION p0;
SELECT * from t1 ORDER BY a;
a	name	purchased
3	TV set	1996-03-10
4	bookcase	1982-01-10
5	exercise bike	2004-05-09
6	sofa	1987-06-05
7	popcorn maker	2001-11-22
8	acquarium	1992-08-04
9	study desk	1984-09-16
10	lava lamp	1998-12-25
drop table t1;
CREATE TABLE t1 (a int)
PARTITION BY LIST (a)
(PARTITION p0 VALUES IN (1,2,3), PARTITION p1 VALUES IN (4,5,6));
insert into t1 values (1),(2),(3),(4),(5),(6);
select * from t1;
a
1
2
3
4
5
6
truncate t1;
select * from t1;
a
truncate t1;
select * from t1;
a
drop table t1;
CREATE TABLE t1 (a int, b int, primary key(a,b))
PARTITION BY KEY(b,a) PARTITIONS 4;
insert into t1 values (0,0),(1,1),(2,2),(3,3),(4,4),(5,5),(6,6);
select * from t1 where a = 4;
a	b
4	4
drop table t1;
CREATE TABLE t1 (a int)
PARTITION BY LIST (a)
PARTITIONS 1
(PARTITION x1 VALUES IN (1) ENGINE=MEMORY);
show create table t1;
Table	Create Table
t1	CREATE TABLE `t1` (
  `a` int(11) default NULL
) ENGINE=MEMORY DEFAULT CHARSET=latin1 PARTITION BY LIST (a) (PARTITION x1 VALUES IN (1) ENGINE = MEMORY)
drop table t1;
CREATE TABLE t1 (a int, unique(a))
PARTITION BY LIST (a)
(PARTITION x1 VALUES IN (10), PARTITION x2 VALUES IN (20));
REPLACE t1 SET a = 4;
ERROR HY000: Table has no partition for value 4
drop table t1;
CREATE TABLE t1 (a int)
PARTITION BY LIST (a)
(PARTITION x1 VALUES IN (2), PARTITION x2 VALUES IN (3));
insert into t1 values (2), (3);
insert into t1 values (4);
ERROR HY000: Table has no partition for value 4
insert into t1 values (1);
ERROR HY000: Table has no partition for value 1
drop table t1;
CREATE TABLE t1 (a int)
PARTITION BY HASH(a)
PARTITIONS 5;
SHOW CREATE TABLE t1;
Table	Create Table
t1	CREATE TABLE `t1` (
  `a` int(11) default NULL
) ENGINE=MyISAM DEFAULT CHARSET=latin1 PARTITION BY HASH (a) PARTITIONS 5 
drop table t1;
CREATE TABLE t1 (a int)
PARTITION BY RANGE (a)
(PARTITION x1 VALUES LESS THAN (2));
insert into t1 values (1);
update t1 set a = 5;
ERROR HY000: Table has no partition for value 5
drop table t1;
CREATE TABLE t1 (a int)
PARTITION BY LIST (a)
(PARTITION x1 VALUES IN (10), PARTITION x2 VALUES IN (20));
analyze table t1;
Table	Op	Msg_type	Msg_text
test.t1	analyze	status	OK
drop table t1;
CREATE TABLE `t1` (
`id` int(11) default NULL
) ENGINE=BLACKHOLE DEFAULT CHARSET=latin1 PARTITION BY HASH (id) ;
SELECT * FROM t1;
id
drop table t1;
CREATE TABLE `t1` (
`id` int(11) default NULL
) ENGINE=BLACKHOLE DEFAULT CHARSET=latin1 PARTITION BY HASH (id) ;
SELECT * FROM t1;
id
drop table t1;
create table t1
(a int)
partition by range (a)
( partition p0 values less than(10),
partition p1 values less than (20),
partition p2 values less than (25));
alter table t1 reorganize partition p2 into (partition p2 values less than (30));
show create table t1;
Table	Create Table
t1	CREATE TABLE `t1` (
  `a` int(11) default NULL
) ENGINE=MyISAM DEFAULT CHARSET=latin1 PARTITION BY RANGE (a) (PARTITION p0 VALUES LESS THAN (10) ENGINE = MyISAM, PARTITION p1 VALUES LESS THAN (20) ENGINE = MyISAM, PARTITION p2 VALUES LESS THAN (30) ENGINE = MyISAM)
drop table t1;
CREATE TABLE t1 (a int, b int)
PARTITION BY RANGE (a)
(PARTITION x0 VALUES LESS THAN (2),
PARTITION x1 VALUES LESS THAN (4),
PARTITION x2 VALUES LESS THAN (6),
PARTITION x3 VALUES LESS THAN (8),
PARTITION x4 VALUES LESS THAN (10),
PARTITION x5 VALUES LESS THAN (12),
PARTITION x6 VALUES LESS THAN (14),
PARTITION x7 VALUES LESS THAN (16),
PARTITION x8 VALUES LESS THAN (18),
PARTITION x9 VALUES LESS THAN (20));
ALTER TABLE t1 REORGANIZE PARTITION x0,x1,x2 INTO
(PARTITION x1 VALUES LESS THAN (6));
show create table t1;
Table	Create Table
t1	CREATE TABLE `t1` (
  `a` int(11) default NULL,
  `b` int(11) default NULL
) ENGINE=MyISAM DEFAULT CHARSET=latin1 PARTITION BY RANGE (a) (PARTITION x1 VALUES LESS THAN (6) ENGINE = MyISAM, PARTITION x3 VALUES LESS THAN (8) ENGINE = MyISAM, PARTITION x4 VALUES LESS THAN (10) ENGINE = MyISAM, PARTITION x5 VALUES LESS THAN (12) ENGINE = MyISAM, PARTITION x6 VALUES LESS THAN (14) ENGINE = MyISAM, PARTITION x7 VALUES LESS THAN (16) ENGINE = MyISAM, PARTITION x8 VALUES LESS THAN (18) ENGINE = MyISAM, PARTITION x9 VALUES LESS THAN (20) ENGINE = MyISAM)
drop table t1;
create table t1 (a int not null, b int not null) partition by LIST (a+b) (
partition p0 values in (12),
partition p1 values in (14)
);
insert into t1 values (10,1);
ERROR HY000: Table has no partition for value 11
drop table t1;
create table t1 (f1 integer,f2 integer, f3 varchar(10), primary key(f1,f2))
partition by range(f1) subpartition by hash(f2) subpartitions 2
(partition p1 values less than (0),
partition p2 values less than (2),
partition p3 values less than (2147483647));
insert into t1 values(10,10,'10');
insert into t1 values(2,2,'2');
select * from t1 where f1 = 2;
f1	f2	f3
2	2	2
drop table t1;
create table t1 (f1 integer,f2 integer, unique index(f1))
partition by range(f1 div 2)
subpartition by hash(f1) subpartitions 2
(partition partb values less than (2),
partition parte values less than (4),
partition partf values less than (10000));
insert into t1 values(10,1);
select * from t1 where f1 = 10;
f1	f2
10	1
drop table t1;
set session storage_engine= 'memory';
create table t1 (f_int1 int(11) default null) engine = memory
partition by range (f_int1) subpartition by hash (f_int1)
(partition part1 values less than (1000)
(subpartition subpart11 engine = memory));
drop table t1;
set session storage_engine='myisam';
create table t1 (f_int1 integer, f_int2 integer, primary key (f_int1))
partition by hash(f_int1) partitions 2;
insert into t1 values (1,1),(2,2);
replace into t1 values (1,1),(2,2);
drop table t1;
create table t2 (s1 int not null auto_increment, primary key (s1)) partition by list (s1) (partition p1 values in (1),partition p2 values in (2),partition p3 values in (3),partition p4 values in (4));
insert into t2 values (null),(null),(null);
select * from t2;
s1
1
2
3
select * from t2 where s1 < 2;
s1
1
update t2 set s1 = s1 + 1 order by s1 desc;
select * from t2 where s1 < 3;
s1
2
select * from t2 where s1 = 2;
s1
2
drop table t2;
End of 5.1 tests
