drop table if exists t1;
create table t1 SELECT 1,"table 1";
repair table t1 use_frm;
Table	Op	Msg_type	Msg_text
test.t1	repair	warning	Number of rows changed from 0 to 1
test.t1	repair	status	OK
alter table t1 ENGINE=HEAP;
repair table t1 use_frm;
Table	Op	Msg_type	Msg_text
test.t1	repair	note	The storage engine for the table doesn't support repair
drop table t1;
create table t1(id int PRIMARY KEY, st varchar(10), KEY st_key(st));
insert into t1 values(1, "One");
alter table t1 disable keys;
show keys from t1;
Table	Non_unique	Key_name	Seq_in_index	Column_name	Collation	Cardinality	Sub_part	Packed	Null	Index_type	Comment
t1	0	PRIMARY	1	id	A	1	NULL	NULL		BTREE	
t1	1	st_key	1	st	A	NULL	NULL	NULL	YES	BTREE	disabled
repair table t1 extended;
Table	Op	Msg_type	Msg_text
test.t1	repair	status	OK
show keys from t1;
Table	Non_unique	Key_name	Seq_in_index	Column_name	Collation	Cardinality	Sub_part	Packed	Null	Index_type	Comment
t1	0	PRIMARY	1	id	A	1	NULL	NULL		BTREE	
t1	1	st_key	1	st	A	NULL	NULL	NULL	YES	BTREE	disabled
drop table t1;
repair table t1 use_frm;
Table	Op	Msg_type	Msg_text
test.t1	repair	error	Table 'test.t1' doesn't exist
Warnings:
Error	1146	Table 'test.t1' doesn't exist
create table t1 engine=myisam SELECT 1,"table 1";
flush tables;
repair table t1;
Table	Op	Msg_type	Msg_text
test.t1	repair	error	Incorrect file format 't1'
Warnings:
Error	130	Incorrect file format 't1'
repair table t1 use_frm;
Table	Op	Msg_type	Msg_text
test.t1	repair	warning	Number of rows changed from 0 to 1
test.t1	repair	status	OK
drop table t1;
