drop table if exists t1;
select (1,2,3) IN ((3,2,3), (1,2,3), (1,3,3));
(1,2,3) IN ((3,2,3), (1,2,3), (1,3,3))
1
select row(10,2,3) IN (row(3,2,3), row(1,2,3), row(1,3,3));
row(10,2,3) IN (row(3,2,3), row(1,2,3), row(1,3,3))
0
select row(1,2,3) IN (row(3,NULL,3), row(1,2,3), row(1,3,3));
row(1,2,3) IN (row(3,NULL,3), row(1,2,3), row(1,3,3))
1
select row(10,2,3) IN (row(3,NULL,3), row(1,2,3), row(1,3,3));
row(10,2,3) IN (row(3,NULL,3), row(1,2,3), row(1,3,3))
0
select row('a',1.5,3) IN (row(1,2,3), row('a',1.5,3), row('a','a','a'));
row('a',1.5,3) IN (row(1,2,3), row('a',1.5,3), row('a','a','a'))
1
select row('a',0,3) IN (row(3,2,3), row('a','0','3'), row(1,3,3));
row('a',0,3) IN (row(3,2,3), row('a','0','3'), row(1,3,3))
1
select row('a',0,3) IN (row(3,2,3), row('a','a','3'), row(1,3,3));
row('a',0,3) IN (row(3,2,3), row('a','a','3'), row(1,3,3))
1
select row('a',1.5,3) IN (row(3,NULL,3), row('a',1.5,3), row(1,3,3));
row('a',1.5,3) IN (row(3,NULL,3), row('a',1.5,3), row(1,3,3))
1
select row('b',1.5,3) IN (row(3,NULL,3), row('a',1.5,3), row(1,3,3));
row('b',1.5,3) IN (row(3,NULL,3), row('a',1.5,3), row(1,3,3))
0
select row('b',1.5,3) IN (row('b',NULL,3), row('a',1.5,3), row(1,3,3));
row('b',1.5,3) IN (row('b',NULL,3), row('a',1.5,3), row(1,3,3))
NULL
select row('b',1.5,3) IN (row('b',NULL,4), row('a',1.5,3), row(1,3,3));
row('b',1.5,3) IN (row('b',NULL,4), row('a',1.5,3), row(1,3,3))
0
select (1,2,(3,4)) IN ((3,2,(3,4)), (1,2,(3,4)));
(1,2,(3,4)) IN ((3,2,(3,4)), (1,2,(3,4)))
1
select row(1,2,row(3,4)) IN (row(3,2,row(3,4)), row(1,2,4));
Cardinality error (more/less than 2 columns)
select row(1,2,row(3,4)) IN (row(3,2,row(3,4)), row(1,2,row(3,NULL)));
row(1,2,row(3,4)) IN (row(3,2,row(3,4)), row(1,2,row(3,NULL)))
NULL
SELECT (1,2,3)=(0,NULL,3);
(1,2,3)=(0,NULL,3)
0
SELECT (1,2,3)=(1,NULL,3);
(1,2,3)=(1,NULL,3)
NULL
SELECT (1,2,3)=(1,NULL,0);
(1,2,3)=(1,NULL,0)
NULL
SELECT ROW(1,2,3)=ROW(1,2,3);
ROW(1,2,3)=ROW(1,2,3)
1
SELECT ROW(2,2,3)=ROW(1+1,2,3);
ROW(2,2,3)=ROW(1+1,2,3)
1
SELECT ROW(1,2,3)=ROW(1+1,2,3);
ROW(1,2,3)=ROW(1+1,2,3)
0
SELECT ROW(1,2,3)<ROW(1+1,2,3);
ROW(1,2,3)<ROW(1+1,2,3)
1
SELECT ROW(1,2,3)>ROW(1+1,2,3);
ROW(1,2,3)>ROW(1+1,2,3)
0
SELECT ROW(1,2,3)<=ROW(1+1,2,3);
ROW(1,2,3)<=ROW(1+1,2,3)
1
SELECT ROW(1,2,3)>=ROW(1+1,2,3);
ROW(1,2,3)>=ROW(1+1,2,3)
0
SELECT ROW(1,2,3)<>ROW(1+1,2,3);
ROW(1,2,3)<>ROW(1+1,2,3)
1
SELECT ROW(NULL,2,3)=ROW(NULL,2,3);
ROW(NULL,2,3)=ROW(NULL,2,3)
NULL
SELECT ROW(NULL,2,3)<=>ROW(NULL,2,3);
ROW(NULL,2,3)<=>ROW(NULL,2,3)
1
SELECT ROW(1,2,ROW(3,4,5))=ROW(1,2,ROW(3,4,5));
ROW(1,2,ROW(3,4,5))=ROW(1,2,ROW(3,4,5))
1
SELECT ROW('test',2,3.33)=ROW('test',2,3.33);
ROW('test',2,3.33)=ROW('test',2,3.33)
1
SELECT ROW('test',2,3.33)=ROW('test',2,3.33,4);
Cardinality error (more/less than 3 columns)
SELECT ROW('test',2,ROW(3,33))=ROW('test',2,ROW(3,33));
ROW('test',2,ROW(3,33))=ROW('test',2,ROW(3,33))
1
SELECT ROW('test',2,ROW(3,33))=ROW('test',2,ROW(3,3));
ROW('test',2,ROW(3,33))=ROW('test',2,ROW(3,3))
0
SELECT ROW('test',2,ROW(3,33))=ROW('test',2,ROW(3,NULL));
ROW('test',2,ROW(3,33))=ROW('test',2,ROW(3,NULL))
NULL
SELECT ROW('test',2,ROW(3,33))=ROW('test',2,4);
Cardinality error (more/less than 2 columns)
create table t1 ( a int, b int, c int);
insert into t1 values (1,2,3), (2,3,1), (3,2,1), (1,2,NULL);
select * from t1 where ROW(1,2,3)=ROW(a,b,c);
a	b	c
1	2	3
select * from t1 where ROW(0,2,3)=ROW(a,b,c);
a	b	c
select * from t1 where ROW(1,2,3)<ROW(a,b,c);
a	b	c
2	3	1
3	2	1
select ROW(a,2,3) IN(row(1,b,c), row(2,3,1)) from t1;
ROW(a,2,3) IN(row(1,b,c), row(2,3,1))
1
0
0
NULL
select ROW(c,2,3) IN(row(1,b,a), row(2,3,1)) from t1;
ROW(c,2,3) IN(row(1,b,a), row(2,3,1))
0
0
1
NULL
select ROW(a,b,c) IN(row(1,2,3), row(3,2,1)) from t1;
ROW(a,b,c) IN(row(1,2,3), row(3,2,1))
1
0
1
NULL
select ROW(1,2,3) IN(row(a,b,c), row(1,2,3)) from t1;
ROW(1,2,3) IN(row(a,b,c), row(1,2,3))
1
1
1
1
drop table t1;
select ROW(1,1);
Cardinality error (more/less than 1 columns)
create table t1 (i int);
select 1 from t1 where ROW(1,1);
Cardinality error (more/less than 1 columns)
select count(*) from t1 order by ROW(1,1);
Cardinality error (more/less than 1 columns)
select count(*) from t1 having (1,1) order by i;
Cardinality error (more/less than 1 columns)
drop table t1;
