stop slave;
drop table if exists t1,t2,t3,t4,t5,t6,t7,t8,t9;
reset master;
reset slave;
drop table if exists t1,t2,t3,t4,t5,t6,t7,t8,t9;
start slave;
create table t1(a int not null primary key) engine=myisam;
insert delayed into t1 values (1);
insert delayed into t1 values (2);
insert delayed into t1 values (3);
flush tables;
SELECT * FROM t1 ORDER BY a;
a
1
2
3
show binlog events;
Log_name	Pos	Event_type	Server_id	End_log_pos	Info
master-bin.000001	4	Format_desc	1	103	Server ver: VERSION, Binlog ver: 4
master-bin.000001	103	Query	1	223	use `test`; create table t1(a int not null primary key) engine=myisam
master-bin.000001	223	Table_map	1	262	table_id: # (test.t1)
master-bin.000001	262	Write_rows	1	296	table_id: # flags: STMT_END_F
master-bin.000001	296	Table_map	1	335	table_id: # (test.t1)
master-bin.000001	335	Write_rows	1	369	table_id: # flags: STMT_END_F
master-bin.000001	369	Table_map	1	408	table_id: # (test.t1)
master-bin.000001	408	Write_rows	1	442	table_id: # flags: STMT_END_F
master-bin.000001	442	Query	1	517	use `test`; flush tables
SELECT * FROM t1 ORDER BY a;
a
1
2
3
drop table t1;
