stop slave;
drop table if exists t1,t2,t3,t4,t5,t6,t7,t8,t9;
reset master;
reset slave;
drop table if exists t1,t2,t3,t4,t5,t6,t7,t8,t9;
start slave;
stop slave;
reset master;
reset slave;
reset master;
create table t1(n int not null auto_increment primary key)ENGINE=MyISAM;
insert into t1 values (NULL);
drop table t1;
create table t1 (word char(20) not null)ENGINE=MyISAM;
load data infile '../std_data_ln/words.dat' into table t1 ignore 1 lines;
select count(*) from t1;
count(*)
69
show binlog events;
Log_name	Pos	Event_type	Server_id	End_log_pos	Info
master-bin.000001	#	Format_desc	1	#	Server ver: VERSION, Binlog ver: 4
master-bin.000001	#	Query	1	#	use `test`; create table t1(n int not null auto_increment primary key)ENGINE=MyISAM
master-bin.000001	#	Intvar	1	#	INSERT_ID=1
master-bin.000001	#	Query	1	#	use `test`; insert into t1 values (NULL)
master-bin.000001	#	Query	1	#	use `test`; drop table t1
master-bin.000001	#	Query	1	#	use `test`; create table t1 (word char(20) not null)ENGINE=MyISAM
master-bin.000001	#	Begin_load_query	1	#	;file_id=1;block_len=581
master-bin.000001	#	Execute_load_query	1	#	use `test`; load data infile '../std_data_ln/words.dat' into table t1 ignore 1 lines ;file_id=1
show binlog events from 106 limit 1;
Log_name	Pos	Event_type	Server_id	End_log_pos	Info
master-bin.000001	#	Query	1	#	use `test`; create table t1(n int not null auto_increment primary key)ENGINE=MyISAM
show binlog events from 106 limit 2;
Log_name	Pos	Event_type	Server_id	End_log_pos	Info
master-bin.000001	#	Query	1	#	use `test`; create table t1(n int not null auto_increment primary key)ENGINE=MyISAM
master-bin.000001	#	Intvar	1	#	INSERT_ID=1
show binlog events from 106 limit 2,1;
Log_name	Pos	Event_type	Server_id	End_log_pos	Info
master-bin.000001	#	Query	1	#	use `test`; insert into t1 values (NULL)
flush logs;
create table t3 (a int)ENGINE=MyISAM;
start slave;

let $result_pattern= '%127.0.0.1%root%master-bin.000002%slave-relay-bin.000005%Yes%Yes%0%0%None%' ;

--source include/wait_slave_status.inc
flush logs;
stop slave;
create table t2 (n int)ENGINE=MyISAM;
insert into t2 values (1);
show binlog events from <binlog_start>;
Log_name	Pos	Event_type	Server_id	End_log_pos	Info
master-bin.000001	#	Query	#	#	use `test`; create table t1(n int not null auto_increment primary key)ENGINE=MyISAM
master-bin.000001	#	Intvar	#	#	INSERT_ID=1
master-bin.000001	#	Query	#	#	use `test`; insert into t1 values (NULL)
master-bin.000001	#	Query	#	#	use `test`; drop table t1
master-bin.000001	#	Query	#	#	use `test`; create table t1 (word char(20) not null)ENGINE=MyISAM
master-bin.000001	#	Begin_load_query	#	#	;file_id=1;block_len=581
master-bin.000001	#	Execute_load_query	#	#	use `test`; load data infile '../std_data_ln/words.dat' into table t1 ignore 1 lines ;file_id=1
master-bin.000001	#	Rotate	#	#	master-bin.000002;pos=4
show binlog events in 'master-bin.000002';
Log_name	Pos	Event_type	Server_id	End_log_pos	Info
master-bin.000002	#	Format_desc	1	#	Server ver: VERSION, Binlog ver: 4
master-bin.000002	#	Query	1	#	use `test`; create table t3 (a int)ENGINE=MyISAM
master-bin.000002	#	Query	1	#	use `test`; create table t2 (n int)ENGINE=MyISAM
master-bin.000002	#	Query	1	#	use `test`; insert into t2 values (1)
show binary logs;
Log_name	File_size
master-bin.000001	1347
master-bin.000002	392
start slave;
show binary logs;
Log_name	File_size
slave-bin.000001	1447
slave-bin.000002	293
show binlog events in 'slave-bin.000001' from 4;
Log_name	Pos	Event_type	Server_id	End_log_pos	Info
slave-bin.000001	#	Format_desc	2	#	Server ver: VERSION, Binlog ver: 4
slave-bin.000001	#	Query	1	#	use `test`; create table t1(n int not null auto_increment primary key)ENGINE=MyISAM
slave-bin.000001	#	Intvar	1	#	INSERT_ID=1
slave-bin.000001	#	Query	1	#	use `test`; insert into t1 values (NULL)
slave-bin.000001	#	Query	1	#	use `test`; drop table t1
slave-bin.000001	#	Query	1	#	use `test`; create table t1 (word char(20) not null)ENGINE=MyISAM
slave-bin.000001	#	Begin_load_query	1	#	;file_id=1;block_len=581
slave-bin.000001	#	Execute_load_query	1	#	use `test`; load data INFILE '../tmp/SQL_LOAD-2-1-1.data' INTO table t1 ignore 1 lines ;file_id=1
slave-bin.000001	#	Query	1	#	use `test`; create table t3 (a int)ENGINE=MyISAM
slave-bin.000001	#	Rotate	2	#	slave-bin.000002;pos=4
show binlog events in 'slave-bin.000002' from 4;
Log_name	Pos	Event_type	Server_id	End_log_pos	Info
slave-bin.000002	#	Format_desc	2	#	Server ver: VERSION, Binlog ver: 4
slave-bin.000002	#	Query	1	#	use `test`; create table t2 (n int)ENGINE=MyISAM
slave-bin.000002	#	Query	1	#	use `test`; insert into t2 values (1)
show slave status;
Slave_IO_State	Master_Host	Master_User	Master_Port	Connect_Retry	Master_Log_File	Read_Master_Log_Pos	Relay_Log_File	Relay_Log_Pos	Relay_Master_Log_File	Slave_IO_Running	Slave_SQL_Running	Replicate_Do_DB	Replicate_Ignore_DB	Replicate_Do_Table	Replicate_Ignore_Table	Replicate_Wild_Do_Table	Replicate_Wild_Ignore_Table	Last_Errno	Last_Error	Skip_Counter	Exec_Master_Log_Pos	Relay_Log_Space	Until_Condition	Until_Log_File	Until_Log_Pos	Master_SSL_Allowed	Master_SSL_CA_File	Master_SSL_CA_Path	Master_SSL_Cert	Master_SSL_Cipher	Master_SSL_Key	Seconds_Behind_Master	Last_IO_Errno	Last_IO_Error	Last_SQL_Errno	Last_SQL_Error
#	127.0.0.1	root	MASTER_PORT	1	master-bin.000002	388	#	#	master-bin.000002	Yes	Yes				#			0		0	388	#	None		0	No						#	0		0	
show binlog events in 'slave-bin.000005' from 4;
ERROR HY000: Error when executing command SHOW BINLOG EVENTS: Could not find target log
DROP TABLE t1;
DROP TABLE t2;
DROP TABLE t3;
create table t1(a int auto_increment primary key, b int);
insert into t1 values (NULL, 1);
reset master;
set insert_id=5;
insert into t1 values (NULL, last_insert_id()), (NULL, last_insert_id());
show binlog events from <binlog_start>;
Log_name	Pos	Event_type	Server_id	End_log_pos	Info
master-bin.000001	#	Intvar	#	#	LAST_INSERT_ID=1
master-bin.000001	#	Intvar	#	#	INSERT_ID=5
master-bin.000001	#	Query	#	#	use `test`; insert into t1 values (NULL, last_insert_id()), (NULL, last_insert_id())
select * from t1;
a	b
1	1
5	1
6	1
drop table t1;
