stop slave;
drop table if exists t1,t2,t3,t4,t5,t6,t7,t8,t9;
reset master;
reset slave;
drop table if exists t1,t2,t3,t4,t5,t6,t7,t8,t9;
start slave;
stop slave;
reset master;
reset slave;
reset master;
create table t1(n int not null auto_increment primary key);
insert into t1 values (NULL);
drop table t1;
create table t1 (word char(20) not null);
load data infile '../../std_data/words.dat' into table t1 ignore 1 lines;
select count(*) from t1;
count(*)
69
drop table t1;
show binlog events;
Log_name	Pos	Event_type	Server_id	Orig_log_pos	Info
master-bin.000001	4	Start	1	4	Server ver: VERSION, Binlog ver: 3
master-bin.000001	79	Query	1	79	use `test`; create table t1(n int not null auto_increment primary key)
master-bin.000001	172	Intvar	1	172	INSERT_ID=1
master-bin.000001	200	Query	1	200	use `test`; insert into t1 values (NULL)
master-bin.000001	263	Query	1	263	use `test`; drop table t1
master-bin.000001	311	Query	1	311	use `test`; create table t1 (word char(20) not null)
master-bin.000001	386	Create_file	1	386	db=test;table=t1;file_id=1;block_len=581
master-bin.000001	1056	Exec_load	1	1056	;file_id=1
master-bin.000001	1079	Query	1	1079	use `test`; drop table t1
show binlog events from 79 limit 1;
Log_name	Pos	Event_type	Server_id	Orig_log_pos	Info
master-bin.000001	79	Query	1	79	use `test`; create table t1(n int not null auto_increment primary key)
show binlog events from 79 limit 2;
Log_name	Pos	Event_type	Server_id	Orig_log_pos	Info
master-bin.000001	79	Query	1	79	use `test`; create table t1(n int not null auto_increment primary key)
master-bin.000001	172	Intvar	1	172	INSERT_ID=1
show binlog events from 79 limit 2,1;
Log_name	Pos	Event_type	Server_id	Orig_log_pos	Info
master-bin.000001	200	Query	1	200	use `test`; insert into t1 values (NULL)
flush logs;
create table t5 (a int);
drop table t5;
start slave;
flush logs;
stop slave;
create table t1 (n int);
insert into t1 values (1);
drop table t1;
show binlog events;
Log_name	Pos	Event_type	Server_id	Orig_log_pos	Info
master-bin.000001	4	Start	1	4	Server ver: VERSION, Binlog ver: 3
master-bin.000001	79	Query	1	79	use `test`; create table t1(n int not null auto_increment primary key)
master-bin.000001	172	Intvar	1	172	INSERT_ID=1
master-bin.000001	200	Query	1	200	use `test`; insert into t1 values (NULL)
master-bin.000001	263	Query	1	263	use `test`; drop table t1
master-bin.000001	311	Query	1	311	use `test`; create table t1 (word char(20) not null)
master-bin.000001	386	Create_file	1	386	db=test;table=t1;file_id=1;block_len=581
master-bin.000001	1056	Exec_load	1	1056	;file_id=1
master-bin.000001	1079	Query	1	1079	use `test`; drop table t1
master-bin.000001	1127	Rotate	1	1127	master-bin.000002;pos=4
show binlog events in 'master-bin.000002';
Log_name	Pos	Event_type	Server_id	Orig_log_pos	Info
master-bin.000002	4	Query	1	4	use `test`; create table t5 (a int)
master-bin.000002	62	Query	1	62	use `test`; drop table t5
master-bin.000002	110	Query	1	110	use `test`; create table t1 (n int)
master-bin.000002	168	Query	1	168	use `test`; insert into t1 values (1)
master-bin.000002	228	Query	1	228	use `test`; drop table t1
show binary logs;
Log_name	File_size
master-bin.000001	1171
master-bin.000002	276
start slave;
show binary logs;
Log_name	File_size
slave-bin.000001	1278
slave-bin.000002	170
show binlog events in 'slave-bin.000001' from 4;
Log_name	Pos	Event_type	Server_id	Orig_log_pos	Info
slave-bin.000001	4	Start	2	4	Server ver: VERSION, Binlog ver: 3
slave-bin.000001	79	Query	1	79	use `test`; create table t1(n int not null auto_increment primary key)
slave-bin.000001	172	Intvar	1	172	INSERT_ID=1
slave-bin.000001	200	Query	1	200	use `test`; insert into t1 values (NULL)
slave-bin.000001	263	Query	1	263	use `test`; drop table t1
slave-bin.000001	311	Query	1	311	use `test`; create table t1 (word char(20) not null)
slave-bin.000001	386	Create_file	1	386	db=test;table=t1;file_id=1;block_len=581
slave-bin.000001	1058	Exec_load	1	1058	;file_id=1
slave-bin.000001	1081	Query	1	1081	use `test`; drop table t1
slave-bin.000001	1129	Query	1	1129	use `test`; create table t5 (a int)
slave-bin.000001	1187	Query	1	1187	use `test`; drop table t5
slave-bin.000001	1235	Rotate	2	1235	slave-bin.000002;pos=4
show binlog events in 'slave-bin.000002' from 4;
Log_name	Pos	Event_type	Server_id	Orig_log_pos	Info
slave-bin.000002	4	Query	1	4	use `test`; create table t1 (n int)
slave-bin.000002	62	Query	1	62	use `test`; insert into t1 values (1)
slave-bin.000002	122	Query	1	122	use `test`; drop table t1
show slave status;
Slave_IO_State	Master_Host	Master_User	Master_Port	Connect_Retry	Master_Log_File	Read_Master_Log_Pos	Relay_Log_File	Relay_Log_Pos	Relay_Master_Log_File	Slave_IO_Running	Slave_SQL_Running	Replicate_Do_DB	Replicate_Ignore_DB	Replicate_Do_Table	Replicate_Ignore_Table	Replicate_Wild_Do_Table	Replicate_Wild_Ignore_Table	Last_Errno	Last_Error	Skip_Counter	Exec_Master_Log_Pos	Relay_Log_Space	Until_Condition	Until_Log_File	Until_Log_Pos	Master_SSL_Allowed	Master_SSL_CA_File	Master_SSL_CA_Path	Master_SSL_Cert	Master_SSL_Cipher	Master_SSL_Key	Seconds_Behind_Master
#	127.0.0.1	root	MASTER_PORT	1	master-bin.000002	276	#	#	master-bin.000002	Yes	Yes							0		0	276	#	None		0	No						#
show binlog events in 'slave-bin.000005' from 4;
ERROR HY000: Error when executing command SHOW BINLOG EVENTS: Could not find target log
create table t1(a int auto_increment primary key, b int);
insert into t1 values (NULL, 1);
reset master;
set insert_id=5;
insert into t1 values (NULL, last_insert_id()), (NULL, last_insert_id());
show binlog events;
Log_name	Pos	Event_type	Server_id	Orig_log_pos	Info
slave-bin.000001	4	Start	2	4	Server ver: VERSION, Binlog ver: 3
slave-bin.000001	79	Intvar	2	79	LAST_INSERT_ID=1
slave-bin.000001	107	Intvar	2	107	INSERT_ID=5
slave-bin.000001	135	Query	2	135	use `test`; insert into t1 values (NULL, last_insert_id()), (NULL, last_insert_id())
select * from t1;
a	b
1	1
5	1
6	1
drop table t1;
