stop slave;
drop table if exists t1,t2,t3,t4,t5,t6,t7,t8,t9;
reset master;
reset slave;
drop table if exists t1,t2,t3,t4,t5,t6,t7,t8,t9;
start slave;
DROP PROCEDURE IF EXISTS test.p1;
DROP TABLE IF EXISTS test.t1;
CREATE TABLE test.t1 (a VARCHAR(255), PRIMARY KEY(a));
LOAD DATA INFILE '../../std_data/words2.dat' INTO TABLE test.t1;
DELETE FROM test.t1 WHERE a = 'abashed';
DELETE FROM test.t1;
LOAD DATA INFILE '../../std_data/words2.dat' INTO TABLE test.t1;
SELECT * FROM test.t1;
a
abase
abased
abasement
abasements
abases
abash
abashed
abashes
abashing
abasing
abate
abated
abatement
abatements
abater
abates
abating
Abba
abbe
abbey
abbeys
abbot
abbots
Abbott
abbreviate
abbreviated
abbreviates
abbreviating
abbreviation
abbreviations
Abby
abdomen
abdomens
abdominal
abduct
abducted
abduction
abductions
abductor
abductors
abducts
Abe
abed
Abel
Abelian
Abelson
Aberdeen
Abernathy
aberrant
aberration
SELECT * FROM test.t1;
a
abase
abased
abasement
abasements
abases
abash
abashed
abashes
abashing
abasing
abate
abated
abatement
abatements
abater
abates
abating
Abba
abbe
abbey
abbeys
abbot
abbots
Abbott
abbreviate
abbreviated
abbreviates
abbreviating
abbreviation
abbreviations
Abby
abdomen
abdomens
abdominal
abduct
abducted
abduction
abductions
abductor
abductors
abducts
Abe
abed
Abel
Abelian
Abelson
Aberdeen
Abernathy
aberrant
aberration
DROP PROCEDURE IF EXISTS test.p1;
Warnings:
Note	1305	PROCEDURE p1 does not exist
DROP TABLE test.t1;
