select * from t1;
n
3
4
insert into t1 values (7);
select * from t1;
n
3
4
7
select * from t1;
n
3
4
start slave;
select * from t1;
n
3
4
7
set @a=load_file("MYSQL_TEST_DIR/var/log/master-bin.000002");
select length(@a);
length(@a)
205
select @a like "%values (5)%";
@a like "%values (5)%"
0
drop table if exists t1;
