stop slave;
drop table if exists t1,t2,t3,t4,t5,t6,t7,t8,t9;
reset master;
reset slave;
drop table if exists t1,t2,t3,t4,t5,t6,t7,t8,t9;
start slave;
create table t1 (words varchar(20)) engine=myisam;
load data infile '../../std_data/words.dat' into table t1 (words);
select count(*) from t1;
count(*)
70
select count(*) from t1;
count(*)
70
drop table t1;
drop table t1;
