stop slave;
drop table if exists t1,t2,t3,t4,t5,t6,t7,t8,t9;
reset master;
reset slave;
drop table if exists t1,t2,t3,t4,t5,t6,t7,t8,t9;
start slave;
reset master;
create table t1(a int not null auto_increment, b int, primary key(a) );
load data infile '../../std_data/rpl_loaddata.dat' into table t1;
create temporary table t2 (day date,id int(9),category enum('a','b','c'),name varchar(60));
load data infile '../../std_data/rpl_loaddata2.dat' into table t2 fields terminated by ',' optionally enclosed by '%' escaped by '@' lines terminated by '\n##\n' starting by '>' ignore 1 lines;
create table t3 (day date,id int(9),category enum('a','b','c'),name varchar(60));
insert into t3 select * from t2;
select * from t1;
a	b
1	10
2	15
select * from t3;
day	id	category	name
2003-02-22	2461	b	a a a @ %  ' " a
2003-03-22	2161	c	asdf
2003-03-22	2416	a	bbbbb
show master status;
File	Position	Binlog_do_db	Binlog_ignore_db
slave-bin.000001	964		
drop table t1;
drop table t2;
drop table t3;
create table t1(a int, b int, unique(b));
insert into t1 values(1,10);
load data infile '../../std_data/rpl_loaddata.dat' into table t1;
set global sql_slave_skip_counter=1;
start slave;
show slave status;
Slave_IO_State	Master_Host	Master_User	Master_Port	Connect_retry	Master_Log_File	Read_Master_Log_Pos	Relay_Log_File	Relay_Log_Pos	Relay_Master_Log_File	Slave_IO_Running	Slave_SQL_Running	Replicate_do_db	Replicate_ignore_db	Replicate_do_table	Replicate_ignore_table	Replicate_wild_do_table	Replicate_wild_ignore_table	Last_errno	Last_error	Skip_counter	Exec_master_log_pos	Relay_log_space	Until_condition	Until_Log_File	Until_Log_pos	Master_SSL_Allowed	Master_SSL_CA_File	Master_SSL_CA_Path	Master_SSL_Cert	Master_SSL_Cipher	Master_SSL_Key	Seconds_behind_master
#	127.0.0.1	root	MASTER_PORT	1	master-bin.000001	1311	slave-relay-bin.000002	1355	master-bin.000001	Yes	Yes							0		0	1311	1355	None		0	No						#
set sql_log_bin=0;
delete from t1;
set sql_log_bin=1;
load data infile '../../std_data/rpl_loaddata.dat' into table t1;
stop slave;
change master to master_user='test';
change master to master_user='root';
show slave status;
Slave_IO_State	Master_Host	Master_User	Master_Port	Connect_retry	Master_Log_File	Read_Master_Log_Pos	Relay_Log_File	Relay_Log_Pos	Relay_Master_Log_File	Slave_IO_Running	Slave_SQL_Running	Replicate_do_db	Replicate_ignore_db	Replicate_do_table	Replicate_ignore_table	Replicate_wild_do_table	Replicate_wild_ignore_table	Last_errno	Last_error	Skip_counter	Exec_master_log_pos	Relay_log_space	Until_condition	Until_Log_File	Until_Log_pos	Master_SSL_Allowed	Master_SSL_CA_File	Master_SSL_CA_Path	Master_SSL_Cert	Master_SSL_Cipher	Master_SSL_Key	Seconds_behind_master
#	127.0.0.1	root	MASTER_PORT	1	master-bin.000001	1419	slave-relay-bin.000001	4	master-bin.000001	No	No							0		0	1419	4	None		0	No						#
set global sql_slave_skip_counter=1;
start slave;
set sql_log_bin=0;
delete from t1;
set sql_log_bin=1;
load data infile '../../std_data/rpl_loaddata.dat' into table t1;
stop slave;
reset slave;
show slave status;
Slave_IO_State	Master_Host	Master_User	Master_Port	Connect_retry	Master_Log_File	Read_Master_Log_Pos	Relay_Log_File	Relay_Log_Pos	Relay_Master_Log_File	Slave_IO_Running	Slave_SQL_Running	Replicate_do_db	Replicate_ignore_db	Replicate_do_table	Replicate_ignore_table	Replicate_wild_do_table	Replicate_wild_ignore_table	Last_errno	Last_error	Skip_counter	Exec_master_log_pos	Relay_log_space	Until_condition	Until_Log_File	Until_Log_pos	Master_SSL_Allowed	Master_SSL_CA_File	Master_SSL_CA_Path	Master_SSL_Cert	Master_SSL_Cipher	Master_SSL_Key	Seconds_behind_master
#	127.0.0.1	root	MASTER_PORT	1		4	slave-relay-bin.000001	4		No	No							0		0	0	4	None		0	No						#
reset master;
create table t2 (day date,id int(9),category enum('a','b','c'),name varchar(60),
unique(day));
load data infile '../../std_data/rpl_loaddata2.dat' into table t2 fields
terminated by ',' optionally enclosed by '%' escaped by '@' lines terminated by
'\n##\n' starting by '>' ignore 1 lines;
ERROR 23000: Duplicate entry '2003-03-22' for key 1
show master status;
File	Position	Binlog_do_db	Binlog_ignore_db
master-bin.000001	491		
drop table t2;
