stop slave;
drop table if exists t1,t2,t3,t4,t5,t6,t7,t8,t9;
reset master;
reset slave;
drop table if exists t1,t2,t3,t4,t5,t6,t7,t8,t9;
start slave;
stop slave;
create table t1 (a int) engine=innodb;
reset slave;
start slave;
stop slave;
start slave;
select master_pos_wait('master-bin.001',3000)>=0;
master_pos_wait('master-bin.001',3000)>=0
1
select max(a) from t1;
max(a)
8000
show slave status;
Slave_IO_State	Master_Host	Master_User	Master_Port	Connect_Retry	Master_Log_File	Read_Master_Log_Pos	Relay_Log_File	Relay_Log_Pos	Relay_Master_Log_File	Slave_IO_Running	Slave_SQL_Running	Replicate_Do_DB	Replicate_Ignore_DB	Replicate_Do_Table	Replicate_Ignore_Table	Replicate_Wild_Do_Table	Replicate_Wild_Ignore_Table	Last_Errno	Last_Error	Skip_Counter	Exec_Master_Log_Pos	Relay_Log_Space	Until_Condition	Until_Log_File	Until_Log_Pos	Master_SSL_Allowed	Master_SSL_CA_File	Master_SSL_CA_Path	Master_SSL_Cert	Master_SSL_Cipher	Master_SSL_Key	Seconds_Behind_Master
#	127.0.0.1	root	MASTER_MYPORT	1	master-bin.000001	743228	#	#	master-bin.000001	Yes	Yes							0		0	743228	#	None		0	No						#
drop table t1;
