stop slave;
drop table if exists t1,t2,t3,t4,t5,t6,t7,t8,t9;
reset master;
reset slave;
drop table if exists t1,t2,t3,t4,t5,t6,t7,t8,t9;
start slave;
create table t1 (a int);
insert into t1 values (10);
create table t2 (a int);
create table t3 (a int) engine=merge union(t1);
create table t4 (a int);
insert into t4 select * from t3;
rename table t1 to t5, t2 to t1;
flush no_write_to_binlog tables;
show binlog events;
Log_name	Pos	Event_type	Server_id	End_log_pos	Info
master-bin.000001	4	Format_desc	1	95	Server ver: SERVER_VERSION, Binlog ver: 4
master-bin.000001	95	Query	1	182	use `test`; create table t1 (a int)
master-bin.000001	182	Query	1	272	use `test`; insert into t1 values (10)
master-bin.000001	272	Query	1	359	use `test`; create table t2 (a int)
master-bin.000001	359	Query	1	469	use `test`; create table t3 (a int) engine=merge union(t1)
master-bin.000001	469	Query	1	556	use `test`; create table t4 (a int)
master-bin.000001	556	Query	1	651	use `test`; insert into t4 select * from t3
master-bin.000001	651	Query	1	746	use `test`; rename table t1 to t5, t2 to t1
select * from t3;
a
flush tables;
show binlog events;
Log_name	Pos	Event_type	Server_id	End_log_pos	Info
master-bin.000001	4	Format_desc	1	95	Server ver: SERVER_VERSION, Binlog ver: 4
master-bin.000001	95	Query	1	182	use `test`; create table t1 (a int)
master-bin.000001	182	Query	1	272	use `test`; insert into t1 values (10)
master-bin.000001	272	Query	1	359	use `test`; create table t2 (a int)
master-bin.000001	359	Query	1	469	use `test`; create table t3 (a int) engine=merge union(t1)
master-bin.000001	469	Query	1	556	use `test`; create table t4 (a int)
master-bin.000001	556	Query	1	651	use `test`; insert into t4 select * from t3
master-bin.000001	651	Query	1	746	use `test`; rename table t1 to t5, t2 to t1
master-bin.000001	746	Query	1	822	use `test`; flush tables
select * from t3;
a
