purge master logs before (select adddate(current_timestamp(), interval -4 day));
ERROR 42000: You have an error in your SQL syntax; check the manual that corresponds to your MySQL server version for the right syntax to use near 'select adddate(current_timestamp(), interval -4 day))' at line 1
purge master logs before adddate(current_timestamp(), interval -4 day);
create table t1(a int,b int,key(a),key(b));
insert into t1(a,b) values (1,2),(2,1),(2,3),(3,4),(5,4),(5,5),
(6,7),(7,4),(5,3);
select sum(a),a from t1 where a> (
select sum(a) from t1 where a> ( select sum(a) from t1 where a> (
select sum(a) from t1 where a> ( select sum(a) from t1 where a> (
select sum(a) from t1 where a> ( select sum(a) from t1 where a> (
select sum(a) from t1 where a> ( select sum(a) from t1 where a> (
select sum(a) from t1 where a> ( select sum(a) from t1 where a> (
select sum(a) from t1 where a> ( select sum(a) from t1 where a> (
select sum(a) from t1 where a> ( select sum(a) from t1 where a> (
select sum(a) from t1 where a> ( select sum(a) from t1 where a> (
select sum(a) from t1 where a> ( select sum(a) from t1 where a> (
select sum(a) from t1 where a> ( select sum(a) from t1 where a> (
select sum(a) from t1 where a> ( select sum(a) from t1 where a> (
select sum(a) from t1 where a> ( select sum(a) from t1 where a> (
select sum(a) from t1 where a> ( select sum(a) from t1 where a> (
select sum(a) from t1 where a> ( select sum(a) from t1 where a> (
select sum(a) from t1 where a> ( select sum(a) from t1 where a> (
select sum(a) from t1 
)group by b limit 1)group by b limit 1)group by b limit 1
)group by b limit 1)group by b limit 1)group by b limit 1
)group by b limit 1)group by b limit 1)group by b limit 1
)group by b limit 1)group by b limit 1)group by b limit 1
)group by b limit 1)group by b limit 1)group by b limit 1
)group by b limit 1)group by b limit 1)group by b limit 1
)group by b limit 1)group by b limit 1)group by b limit 1
)group by b limit 1)group by b limit 1)group by b limit 1
)group by b limit 1)group by b limit 1)group by b limit 1
)group by b limit 1)group by b limit 1)group by b limit 1) 
group by a;
ERROR HY000: Thread stack overrun detected
explain select sum(a),a from t1 where a> (
select sum(a) from t1 where a> ( select sum(a) from t1 where a> (
select sum(a) from t1 where a> ( select sum(a) from t1 where a> (
select sum(a) from t1 where a> ( select sum(a) from t1 where a> (
select sum(a) from t1 where a> ( select sum(a) from t1 where a> (
select sum(a) from t1 where a> ( select sum(a) from t1 where a> (
select sum(a) from t1 where a> ( select sum(a) from t1 where a> (
select sum(a) from t1 where a> ( select sum(a) from t1 where a> (
select sum(a) from t1 where a> ( select sum(a) from t1 where a> (
select sum(a) from t1 where a> ( select sum(a) from t1 where a> (
select sum(a) from t1 where a> ( select sum(a) from t1 where a> (
select sum(a) from t1 where a> ( select sum(a) from t1 where a> (
select sum(a) from t1 where a> ( select sum(a) from t1 where a> (
select sum(a) from t1 where a> ( select sum(a) from t1 where a> (
select sum(a) from t1 where a> ( select sum(a) from t1 where a> (
select sum(a) from t1 where a> ( select sum(a) from t1 where a> (
select sum(a) from t1 
)group by b limit 1)group by b limit 1)group by b limit 1
)group by b limit 1)group by b limit 1)group by b limit 1
)group by b limit 1)group by b limit 1)group by b limit 1
)group by b limit 1)group by b limit 1)group by b limit 1
)group by b limit 1)group by b limit 1)group by b limit 1
)group by b limit 1)group by b limit 1)group by b limit 1
)group by b limit 1)group by b limit 1)group by b limit 1
)group by b limit 1)group by b limit 1)group by b limit 1
)group by b limit 1)group by b limit 1)group by b limit 1
)group by b limit 1)group by b limit 1)group by b limit 1) 
group by a;
ERROR HY000: Thread stack overrun detected
drop table t1;
