drop table if exists t0, t1, t2, t3;
create table t0 (a int);
insert into t0 values (0),(1),(2),(3),(4),(5),(6),(7),(8),(9);
create table t1 (
a int, 
b int
);
insert into t1 values (1,1),(1,1),(2,2);
create table t2 (
a int,
b int,
key(b)
);
insert into t2 select a, a/2 from t0;
select * from t1;
a	b
1	1
1	1
2	2
select * from t2;
a	b
0	0
1	1
2	1
3	2
4	2
5	3
6	3
7	4
8	4
9	5
explain select * from t2 where b in (select a from t1);
id	select_type	table	type	possible_keys	key	key_len	ref	rows	Extra
1	PRIMARY	t1	ALL	NULL	NULL	NULL	NULL	3	Start temporary
1	PRIMARY	t2	ref	b	b	5	test.t1.a	2	End temporary
select * from t2 where b in (select a from t1);
a	b
1	1
2	1
3	2
4	2
create table t3 (
a int, 
b int,
key(b),
pk1 char(200), pk2 char(200), pk3 char(200),
primary key(pk1, pk2, pk3)
) engine=innodb;
insert into t3 select a,a, a,a,a from t0;
explain select * from t3 where b in (select a from t1);
id	select_type	table	type	possible_keys	key	key_len	ref	rows	Extra
1	PRIMARY	t1	ALL	NULL	NULL	NULL	NULL	3	Start temporary
1	PRIMARY	t3	ref	b	b	5	test.t1.a	1	End temporary
select * from t3 where b in (select a from t1);
a	b	pk1	pk2	pk3
1	1	1	1	1
2	2	2	2	2
set @save_max_heap_table_size= @@max_heap_table_size;
set max_heap_table_size=16384;
set @save_join_buffer_size = @@join_buffer_size;
set join_buffer_size= 8000;
drop table t3;
create table t3 (
a int, 
b int,
key(b),
pk1 char(200), pk2 char(200),
primary key(pk1, pk2)
) engine=innodb;
insert into t3 select 
A.a + 10*B.a, A.a + 10*B.a, A.a + 10*B.a, A.a + 10*B.a 
from t0 A, t0 B where B.a <5;
explain select * from t3 where b in (select a from t0);
id	select_type	table	type	possible_keys	key	key_len	ref	rows	Extra
1	PRIMARY	t0	ALL	NULL	NULL	NULL	NULL	10	Start temporary
1	PRIMARY	t3	ref	b	b	5	test.t0.a	1	End temporary
select * from t3 where b in (select A.a+B.a from t0 A, t0 B where B.a<5);
a	b	pk1	pk2
0	0	0	0
1	1	1	1
2	2	2	2
3	3	3	3
4	4	4	4
5	5	5	5
6	6	6	6
7	7	7	7
8	8	8	8
9	9	9	9
10	10	10	10
11	11	11	11
12	12	12	12
13	13	13	13
set join_buffer_size= @save_join_buffer_size;
set max_heap_table_size= @save_max_heap_table_size;
explain select * from t1 where a in (select b from t2);
id	select_type	table	type	possible_keys	key	key_len	ref	rows	Extra
1	PRIMARY	t2	index	b	b	5	NULL	10	Using index; LooseScan
1	PRIMARY	t1	ALL	NULL	NULL	NULL	NULL	3	Using where; Using join buffer
select * from t1;
a	b
1	1
1	1
2	2
select * from t1 where a in (select b from t2);
a	b
1	1
1	1
2	2
drop table t1, t2, t3;
set @save_join_buffer_size = @@join_buffer_size;
set join_buffer_size= 8000;
create table t1 (a int, filler1 binary(200), filler2 binary(200));
insert into t1 select a, 'filler123456', 'filler123456' from t0;
insert into t1 select a+10, 'filler123456', 'filler123456' from t0;
create table t2 as select * from t1;
insert into t1 select a+20, 'filler123456', 'filler123456' from t0;
insert into t1 values (2, 'duplicate ok', 'duplicate ok');
insert into t1 values (18, 'duplicate ok', 'duplicate ok');
insert into t2 values (3, 'duplicate ok', 'duplicate ok');
insert into t2 values (19, 'duplicate ok', 'duplicate ok');
explain select 
a, mid(filler1, 1,10), length(filler1)=length(filler2) as Z 
from t1 ot where a in (select a from t2 it);
id	select_type	table	type	possible_keys	key	key_len	ref	rows	Extra
1	PRIMARY	it	ALL	NULL	NULL	NULL	NULL	22	Start temporary
1	PRIMARY	ot	ALL	NULL	NULL	NULL	NULL	32	Using where; End temporary; Using join buffer
select 
a, mid(filler1, 1,10), length(filler1)=length(filler2) as Z 
from t1 ot where a in (select a from t2 it);
a	mid(filler1, 1,10)	Z
0	filler1234	1
1	filler1234	1
2	filler1234	1
3	filler1234	1
4	filler1234	1
5	filler1234	1
6	filler1234	1
7	filler1234	1
8	filler1234	1
9	filler1234	1
10	filler1234	1
11	filler1234	1
12	filler1234	1
13	filler1234	1
14	filler1234	1
15	filler1234	1
16	filler1234	1
17	filler1234	1
18	filler1234	1
19	filler1234	1
2	duplicate 	1
18	duplicate 	1
explain select 
a, mid(filler1, 1,10), length(filler1)=length(filler2) 
from t2 ot where a in (select a from t1 it);
id	select_type	table	type	possible_keys	key	key_len	ref	rows	Extra
1	PRIMARY	ot	ALL	NULL	NULL	NULL	NULL	22	Start temporary
1	PRIMARY	it	ALL	NULL	NULL	NULL	NULL	32	Using where; End temporary; Using join buffer
select 
a, mid(filler1, 1,10), length(filler1)=length(filler2) 
from t2 ot where a in (select a from t1 it);
a	mid(filler1, 1,10)	length(filler1)=length(filler2)
0	filler1234	1
1	filler1234	1
2	filler1234	1
3	filler1234	1
4	filler1234	1
5	filler1234	1
6	filler1234	1
7	filler1234	1
8	filler1234	1
9	filler1234	1
10	filler1234	1
11	filler1234	1
12	filler1234	1
13	filler1234	1
14	filler1234	1
15	filler1234	1
16	filler1234	1
17	filler1234	1
18	filler1234	1
3	duplicate 	1
19	filler1234	1
19	duplicate 	1
insert into t1 select a+20, 'filler123456', 'filler123456' from t0;
insert into t1 select a+20, 'filler123456', 'filler123456' from t0;
explain select 
a, mid(filler1, 1,10), length(filler1)=length(filler2) as Z 
from t1 ot where a in (select a from t2 it);
id	select_type	table	type	possible_keys	key	key_len	ref	rows	Extra
1	PRIMARY	it	ALL	NULL	NULL	NULL	NULL	22	Start temporary
1	PRIMARY	ot	ALL	NULL	NULL	NULL	NULL	52	Using where; End temporary; Using join buffer
select 
a, mid(filler1, 1,10), length(filler1)=length(filler2) as Z 
from t1 ot where a in (select a from t2 it);
a	mid(filler1, 1,10)	Z
0	filler1234	1
1	filler1234	1
2	filler1234	1
3	filler1234	1
4	filler1234	1
5	filler1234	1
6	filler1234	1
7	filler1234	1
8	filler1234	1
9	filler1234	1
10	filler1234	1
11	filler1234	1
12	filler1234	1
13	filler1234	1
14	filler1234	1
15	filler1234	1
16	filler1234	1
17	filler1234	1
18	filler1234	1
19	filler1234	1
2	duplicate 	1
18	duplicate 	1
explain select 
a, mid(filler1, 1,10), length(filler1)=length(filler2) 
from t2 ot where a in (select a from t1 it);
id	select_type	table	type	possible_keys	key	key_len	ref	rows	Extra
1	PRIMARY	ot	ALL	NULL	NULL	NULL	NULL	22	Start temporary
1	PRIMARY	it	ALL	NULL	NULL	NULL	NULL	52	Using where; End temporary; Using join buffer
select 
a, mid(filler1, 1,10), length(filler1)=length(filler2) 
from t2 ot where a in (select a from t1 it);
a	mid(filler1, 1,10)	length(filler1)=length(filler2)
0	filler1234	1
1	filler1234	1
2	filler1234	1
3	filler1234	1
4	filler1234	1
5	filler1234	1
6	filler1234	1
7	filler1234	1
8	filler1234	1
9	filler1234	1
10	filler1234	1
11	filler1234	1
12	filler1234	1
13	filler1234	1
14	filler1234	1
15	filler1234	1
16	filler1234	1
17	filler1234	1
18	filler1234	1
3	duplicate 	1
19	filler1234	1
19	duplicate 	1
drop table t1, t2;
create table t1 (a int, b int, key(a));
create table t2 (a int, b int, key(a));
create table t3 (a int, b int, key(a));
insert into t1 select a,a from t0;
insert into t2 select a,a from t0;
insert into t3 select a,a from t0;
t2 and t3 must be use 'ref', not 'ALL':
explain select * 
from t0 where a in
(select t2.a+t3.a from t1 left join (t2 join t3) on t2.a=t1.a and t3.a=t1.a);
id	select_type	table	type	possible_keys	key	key_len	ref	rows	Extra
1	PRIMARY	t0	ALL	NULL	NULL	NULL	NULL	10	Start temporary
1	PRIMARY	t1	index	NULL	a	5	NULL	10	Using index; Using join buffer
1	PRIMARY	t2	ref	a	a	5	test.t1.a	1	Using index
1	PRIMARY	t3	ref	a	a	5	test.t1.a	1	Using where; Using index; End temporary
drop table t0, t1,t2,t3;
