select 1;
1
1
select 2;
ERROR HY000: MySQL server has gone away
select 3;
3
3
select 1;
1
1
select 2;
ERROR HY000: MySQL server has gone away
select 3;
3
3
