drop table if exists t1;
Warnings:
Note	1051	Unknown table 't1'
create table t1 (a int);
insert into t1 values (1);
insert into t1 values ("hej");
insert into t1 values ("hej"),("då");
set SQL_WARNINGS=1;
insert into t1 values ("hej");
insert into t1 values ("hej"),("då");
drop table t1;
set SQL_WARNINGS=0;
drop temporary table if exists not_exists;
Warnings:
Note	1051	Unknown table 'not_exists'
drop table if exists not_exists_table;
Warnings:
Note	1051	Unknown table 'not_exists_table'
show warnings limit 1;
Level	Code	Message
Note	1051	Unknown table 'not_exists_table'
drop database if exists not_exists_db;
Warnings:
Note	1008	Can't drop database 'not_exists_db'. Database doesn't exist
show count(*) warnings;
@@session.warning_count
1
create table t1(id int);
create table if not exists t1(id int);
select @@warning_count;
@@warning_count
0
drop table t1;
create table t1(a tinyint, b int not null, c date, d char(5));
load data infile '../../std_data/warnings_loaddata.dat' into table t1 fields terminated by ',';
Warnings:
Warning	1262	Data truncated, NULL supplied to NOT NULL column 'b' at row 2
Warning	1261	Data truncated for column 'd' at row 3
Warning	1261	Data truncated for column 'c' at row 4
Warning	1259	Value count is fewer than the column count at row 5
Warning	1261	Data truncated for column 'b' at row 6
Warning	1260	Value count is more than the column count at row 7
Warning	1261	Data truncated for column 'a' at row 8
select @@warning_count;
@@warning_count
7
show warnings;
Level	Code	Message
Warning	1262	Data truncated, NULL supplied to NOT NULL column 'b' at row 2
Warning	1261	Data truncated for column 'd' at row 3
Warning	1261	Data truncated for column 'c' at row 4
Warning	1259	Value count is fewer than the column count at row 5
Warning	1261	Data truncated for column 'b' at row 6
Warning	1260	Value count is more than the column count at row 7
Warning	1261	Data truncated for column 'a' at row 8
drop table t1;
