drop table if exists `Ｔ１`;
drop table if exists `Ｔ２`;
drop table if exists `Ｔ３`;
drop table if exists `Ｔ４`;
drop table if exists `Ｔ５`;
drop table if exists `Ｔ６`;
drop table if exists `Ｔ７`;
drop table if exists `Ｔ８`;
drop table if exists `Ｔ９`;
drop table if exists `Ｔ１０`;
drop table if exists `Ｔ１１`;
drop table if exists `Ｔ１２`;
SET NAMES utf8;
SET character_set_database = utf8;
CREATE TABLE `Ｔ１` (`Ｃ１` char(20)) DEFAULT CHARSET = utf8 engine = innodb;
CREATE TABLE `Ｔ２` (`Ｃ１` char(20)) DEFAULT CHARSET = utf8 engine = innodb;
CREATE TABLE `Ｔ３` (`Ｃ１` char(20)) DEFAULT CHARSET = utf8 engine = innodb;
CREATE TABLE `Ｔ４` (`Ｃ１` char(20)) DEFAULT CHARSET = utf8 engine = myisam;
CREATE TABLE `Ｔ５` (`Ｃ１` char(20)) DEFAULT CHARSET = utf8 engine = myisam;
CREATE TABLE `Ｔ６` (`Ｃ１` char(20)) DEFAULT CHARSET = utf8 engine = myisam;
CREATE TABLE `Ｔ７` (`Ｃ１` char(20)) DEFAULT CHARSET = utf8 engine = heap;
CREATE TABLE `Ｔ８` (`Ｃ１` char(20)) DEFAULT CHARSET = utf8 engine = heap;
CREATE TABLE `Ｔ９` (`Ｃ１` char(20)) DEFAULT CHARSET = utf8 engine = heap;
CREATE TABLE `Ｔ１０` (`Ｃ１` char(20)) DEFAULT CHARSET = utf8 engine = bdb;
CREATE TABLE `Ｔ１１` (`Ｃ１` char(20)) DEFAULT CHARSET = utf8 engine = bdb;
CREATE TABLE `Ｔ１２` (`Ｃ１` char(20)) DEFAULT CHARSET = utf8 engine = bdb;
LOAD DATA LOCAL INFILE 'suite/jp/std_data/jisx0201_utf8.dat' INTO TABLE `Ｔ１`;
LOAD DATA LOCAL INFILE 'suite/jp/std_data/jisx0208_utf8.dat' INTO TABLE `Ｔ２`;
LOAD DATA LOCAL INFILE 'suite/jp/std_data/jisx0212_utf8.dat' INTO TABLE `Ｔ３`;
LOAD DATA LOCAL INFILE 'suite/jp/std_data/jisx0201_utf8.dat' INTO TABLE `Ｔ４`;
LOAD DATA LOCAL INFILE 'suite/jp/std_data/jisx0208_utf8.dat' INTO TABLE `Ｔ５`;
LOAD DATA LOCAL INFILE 'suite/jp/std_data/jisx0212_utf8.dat' INTO TABLE `Ｔ６`;
LOAD DATA LOCAL INFILE 'suite/jp/std_data/jisx0201_utf8.dat' INTO TABLE `Ｔ７`;
LOAD DATA LOCAL INFILE 'suite/jp/std_data/jisx0208_utf8.dat' INTO TABLE `Ｔ８`;
LOAD DATA LOCAL INFILE 'suite/jp/std_data/jisx0212_utf8.dat' INTO TABLE `Ｔ９`;
LOAD DATA LOCAL INFILE 'suite/jp/std_data/jisx0201_utf8.dat' INTO TABLE `Ｔ１０`;
LOAD DATA LOCAL INFILE 'suite/jp/std_data/jisx0208_utf8.dat' INTO TABLE `Ｔ１１`;
LOAD DATA LOCAL INFILE 'suite/jp/std_data/jisx0212_utf8.dat' INTO TABLE `Ｔ１２`;
SELECT DISTINCT CHARSET(`Ｃ１`) FROM `Ｔ１`;
CHARSET(`Ｃ１`)
utf8
SELECT DISTINCT CHARSET(`Ｃ１`) FROM `Ｔ２`;
CHARSET(`Ｃ１`)
utf8
SELECT DISTINCT CHARSET(`Ｃ１`) FROM `Ｔ３`;
CHARSET(`Ｃ１`)
utf8
SELECT DISTINCT CHARSET(CONVERT(`Ｃ１` USING utf8)) FROM `Ｔ１`;
CHARSET(CONVERT(`Ｃ１` USING utf8))
utf8
SELECT DISTINCT CHARSET(CONVERT(`Ｃ１` USING ucs2)) FROM `Ｔ１`;
CHARSET(CONVERT(`Ｃ１` USING ucs2))
ucs2
SELECT DISTINCT CHARSET(CONVERT(`Ｃ１` USING sjis)) FROM `Ｔ１`;
CHARSET(CONVERT(`Ｃ１` USING sjis))
sjis
SELECT DISTINCT CHARSET(CONVERT(`Ｃ１` USING ujis)) FROM `Ｔ１`;
CHARSET(CONVERT(`Ｃ１` USING ujis))
ujis
SELECT DISTINCT CHARSET(CONVERT(`Ｃ１` USING utf8)) FROM `Ｔ２`;
CHARSET(CONVERT(`Ｃ１` USING utf8))
utf8
SELECT DISTINCT CHARSET(CONVERT(`Ｃ１` USING ucs2)) FROM `Ｔ２`;
CHARSET(CONVERT(`Ｃ１` USING ucs2))
ucs2
SELECT DISTINCT CHARSET(CONVERT(`Ｃ１` USING sjis)) FROM `Ｔ２`;
CHARSET(CONVERT(`Ｃ１` USING sjis))
sjis
SELECT DISTINCT CHARSET(CONVERT(`Ｃ１` USING ujis)) FROM `Ｔ２`;
CHARSET(CONVERT(`Ｃ１` USING ujis))
ujis
SELECT DISTINCT CHARSET(CONVERT(`Ｃ１` USING utf8)) FROM `Ｔ３`;
CHARSET(CONVERT(`Ｃ１` USING utf8))
utf8
SELECT DISTINCT CHARSET(CONVERT(`Ｃ１` USING ucs2)) FROM `Ｔ３`;
CHARSET(CONVERT(`Ｃ１` USING ucs2))
ucs2
SELECT DISTINCT CHARSET(CONVERT(`Ｃ１` USING sjis)) FROM `Ｔ３`;
CHARSET(CONVERT(`Ｃ１` USING sjis))
sjis
SELECT DISTINCT CHARSET(CONVERT(`Ｃ１` USING ujis)) FROM `Ｔ３`;
CHARSET(CONVERT(`Ｃ１` USING ujis))
ujis
SELECT DISTINCT CHARSET(`Ｃ１`) FROM `Ｔ４`;
CHARSET(`Ｃ１`)
utf8
SELECT DISTINCT CHARSET(`Ｃ１`) FROM `Ｔ５`;
CHARSET(`Ｃ１`)
utf8
SELECT DISTINCT CHARSET(`Ｃ１`) FROM `Ｔ６`;
CHARSET(`Ｃ１`)
utf8
SELECT DISTINCT CHARSET(CONVERT(`Ｃ１` USING utf8)) FROM `Ｔ４`;
CHARSET(CONVERT(`Ｃ１` USING utf8))
utf8
SELECT DISTINCT CHARSET(CONVERT(`Ｃ１` USING ucs2)) FROM `Ｔ４`;
CHARSET(CONVERT(`Ｃ１` USING ucs2))
ucs2
SELECT DISTINCT CHARSET(CONVERT(`Ｃ１` USING sjis)) FROM `Ｔ４`;
CHARSET(CONVERT(`Ｃ１` USING sjis))
sjis
SELECT DISTINCT CHARSET(CONVERT(`Ｃ１` USING ujis)) FROM `Ｔ４`;
CHARSET(CONVERT(`Ｃ１` USING ujis))
ujis
SELECT DISTINCT CHARSET(CONVERT(`Ｃ１` USING utf8)) FROM `Ｔ５`;
CHARSET(CONVERT(`Ｃ１` USING utf8))
utf8
SELECT DISTINCT CHARSET(CONVERT(`Ｃ１` USING ucs2)) FROM `Ｔ５`;
CHARSET(CONVERT(`Ｃ１` USING ucs2))
ucs2
SELECT DISTINCT CHARSET(CONVERT(`Ｃ１` USING sjis)) FROM `Ｔ５`;
CHARSET(CONVERT(`Ｃ１` USING sjis))
sjis
SELECT DISTINCT CHARSET(CONVERT(`Ｃ１` USING ujis)) FROM `Ｔ５`;
CHARSET(CONVERT(`Ｃ１` USING ujis))
ujis
SELECT DISTINCT CHARSET(CONVERT(`Ｃ１` USING utf8)) FROM `Ｔ６`;
CHARSET(CONVERT(`Ｃ１` USING utf8))
utf8
SELECT DISTINCT CHARSET(CONVERT(`Ｃ１` USING ucs2)) FROM `Ｔ６`;
CHARSET(CONVERT(`Ｃ１` USING ucs2))
ucs2
SELECT DISTINCT CHARSET(CONVERT(`Ｃ１` USING sjis)) FROM `Ｔ６`;
CHARSET(CONVERT(`Ｃ１` USING sjis))
sjis
SELECT DISTINCT CHARSET(CONVERT(`Ｃ１` USING ujis)) FROM `Ｔ６`;
CHARSET(CONVERT(`Ｃ１` USING ujis))
ujis
SELECT DISTINCT CHARSET(`Ｃ１`) FROM `Ｔ７`;
CHARSET(`Ｃ１`)
utf8
SELECT DISTINCT CHARSET(`Ｃ１`) FROM `Ｔ８`;
CHARSET(`Ｃ１`)
utf8
SELECT DISTINCT CHARSET(`Ｃ１`) FROM `Ｔ９`;
CHARSET(`Ｃ１`)
utf8
SELECT DISTINCT CHARSET(CONVERT(`Ｃ１` USING utf8)) FROM `Ｔ７`;
CHARSET(CONVERT(`Ｃ１` USING utf8))
utf8
SELECT DISTINCT CHARSET(CONVERT(`Ｃ１` USING ucs2)) FROM `Ｔ７`;
CHARSET(CONVERT(`Ｃ１` USING ucs2))
ucs2
SELECT DISTINCT CHARSET(CONVERT(`Ｃ１` USING sjis)) FROM `Ｔ７`;
CHARSET(CONVERT(`Ｃ１` USING sjis))
sjis
SELECT DISTINCT CHARSET(CONVERT(`Ｃ１` USING ujis)) FROM `Ｔ７`;
CHARSET(CONVERT(`Ｃ１` USING ujis))
ujis
SELECT DISTINCT CHARSET(CONVERT(`Ｃ１` USING utf8)) FROM `Ｔ８`;
CHARSET(CONVERT(`Ｃ１` USING utf8))
utf8
SELECT DISTINCT CHARSET(CONVERT(`Ｃ１` USING ucs2)) FROM `Ｔ８`;
CHARSET(CONVERT(`Ｃ１` USING ucs2))
ucs2
SELECT DISTINCT CHARSET(CONVERT(`Ｃ１` USING sjis)) FROM `Ｔ８`;
CHARSET(CONVERT(`Ｃ１` USING sjis))
sjis
SELECT DISTINCT CHARSET(CONVERT(`Ｃ１` USING ujis)) FROM `Ｔ８`;
CHARSET(CONVERT(`Ｃ１` USING ujis))
ujis
SELECT DISTINCT CHARSET(CONVERT(`Ｃ１` USING utf8)) FROM `Ｔ９`;
CHARSET(CONVERT(`Ｃ１` USING utf8))
utf8
SELECT DISTINCT CHARSET(CONVERT(`Ｃ１` USING ucs2)) FROM `Ｔ９`;
CHARSET(CONVERT(`Ｃ１` USING ucs2))
ucs2
SELECT DISTINCT CHARSET(CONVERT(`Ｃ１` USING sjis)) FROM `Ｔ９`;
CHARSET(CONVERT(`Ｃ１` USING sjis))
sjis
SELECT DISTINCT CHARSET(CONVERT(`Ｃ１` USING ujis)) FROM `Ｔ９`;
CHARSET(CONVERT(`Ｃ１` USING ujis))
ujis
SELECT DISTINCT CHARSET(`Ｃ１`) FROM `Ｔ１０`;
CHARSET(`Ｃ１`)
utf8
SELECT DISTINCT CHARSET(`Ｃ１`) FROM `Ｔ１１`;
CHARSET(`Ｃ１`)
utf8
SELECT DISTINCT CHARSET(`Ｃ１`) FROM `Ｔ１２`;
CHARSET(`Ｃ１`)
utf8
SELECT DISTINCT CHARSET(CONVERT(`Ｃ１` USING utf8)) FROM `Ｔ１０`;
CHARSET(CONVERT(`Ｃ１` USING utf8))
utf8
SELECT DISTINCT CHARSET(CONVERT(`Ｃ１` USING ucs2)) FROM `Ｔ１０`;
CHARSET(CONVERT(`Ｃ１` USING ucs2))
ucs2
SELECT DISTINCT CHARSET(CONVERT(`Ｃ１` USING sjis)) FROM `Ｔ１０`;
CHARSET(CONVERT(`Ｃ１` USING sjis))
sjis
SELECT DISTINCT CHARSET(CONVERT(`Ｃ１` USING ujis)) FROM `Ｔ１０`;
CHARSET(CONVERT(`Ｃ１` USING ujis))
ujis
SELECT DISTINCT CHARSET(CONVERT(`Ｃ１` USING utf8)) FROM `Ｔ１１`;
CHARSET(CONVERT(`Ｃ１` USING utf8))
utf8
SELECT DISTINCT CHARSET(CONVERT(`Ｃ１` USING ucs2)) FROM `Ｔ１１`;
CHARSET(CONVERT(`Ｃ１` USING ucs2))
ucs2
SELECT DISTINCT CHARSET(CONVERT(`Ｃ１` USING sjis)) FROM `Ｔ１１`;
CHARSET(CONVERT(`Ｃ１` USING sjis))
sjis
SELECT DISTINCT CHARSET(CONVERT(`Ｃ１` USING ujis)) FROM `Ｔ１１`;
CHARSET(CONVERT(`Ｃ１` USING ujis))
ujis
SELECT DISTINCT CHARSET(CONVERT(`Ｃ１` USING utf8)) FROM `Ｔ１２`;
CHARSET(CONVERT(`Ｃ１` USING utf8))
utf8
SELECT DISTINCT CHARSET(CONVERT(`Ｃ１` USING ucs2)) FROM `Ｔ１２`;
CHARSET(CONVERT(`Ｃ１` USING ucs2))
ucs2
SELECT DISTINCT CHARSET(CONVERT(`Ｃ１` USING sjis)) FROM `Ｔ１２`;
CHARSET(CONVERT(`Ｃ１` USING sjis))
sjis
SELECT DISTINCT CHARSET(CONVERT(`Ｃ１` USING ujis)) FROM `Ｔ１２`;
CHARSET(CONVERT(`Ｃ１` USING ujis))
ujis
drop table `Ｔ１`;
drop table `Ｔ２`;
drop table `Ｔ３`;
drop table `Ｔ４`;
drop table `Ｔ５`;
drop table `Ｔ６`;
drop table `Ｔ７`;
drop table `Ｔ８`;
drop table `Ｔ９`;
drop table `Ｔ１０`;
drop table `Ｔ１１`;
drop table `Ｔ１２`;
