drop table if exists `Ｔ１`;
drop table if exists `Ｔ２`;
drop table if exists `Ｔ３`;
drop table if exists `Ｔ４`;
drop table if exists `Ｔ５`;
drop table if exists `Ｔ６`;
drop table if exists `Ｔ７`;
drop table if exists `Ｔ８`;
drop table if exists `Ｔ９`;
drop table if exists `Ｔ１０`;
SET NAMES utf8;
SET character_set_database = utf8;
CREATE TABLE `Ｔ１` (`Ｃ１` char(8), INDEX(`Ｃ１`)) DEFAULT CHARSET = utf8 engine = innodb;
CREATE TABLE `Ｔ２` (`Ｃ１` char(8), INDEX(`Ｃ１`)) DEFAULT CHARSET = utf8 engine = innodb;
CREATE TABLE `Ｔ３` (`Ｃ１` char(8), INDEX(`Ｃ１`)) DEFAULT CHARSET = utf8 engine = innodb;
CREATE TABLE `Ｔ４` (`Ｃ１` char(8), INDEX(`Ｃ１`)) DEFAULT CHARSET = utf8 engine = myisam;
CREATE TABLE `Ｔ５` (`Ｃ１` char(8), INDEX(`Ｃ１`)) DEFAULT CHARSET = utf8 engine = myisam;
CREATE TABLE `Ｔ６` (`Ｃ１` char(8), INDEX(`Ｃ１`)) DEFAULT CHARSET = utf8 engine = myisam;
CREATE TABLE `Ｔ７` (`Ｃ１` char(8), INDEX(`Ｃ１`)) DEFAULT CHARSET = utf8 engine = heap;
CREATE TABLE `Ｔ８` (`Ｃ１` char(8), INDEX(`Ｃ１`)) DEFAULT CHARSET = utf8 engine = heap;
CREATE TABLE `Ｔ９` (`Ｃ１` char(8), INDEX(`Ｃ１`)) DEFAULT CHARSET = utf8 engine = heap;
CREATE TABLE `Ｔ１０` (`Ｃ１` char(8), INDEX(`Ｃ１`)) DEFAULT CHARSET = utf8 engine = bdb;
CREATE TABLE `Ｔ１１` (`Ｃ１` char(8), INDEX(`Ｃ１`)) DEFAULT CHARSET = utf8 engine = bdb;
CREATE TABLE `Ｔ１２` (`Ｃ１` char(8), INDEX(`Ｃ１`)) DEFAULT CHARSET = utf8 engine = bdb;
INSERT INTO `Ｔ１` VALUES ('ｱｲｳｴｵ');
INSERT INTO `Ｔ１` VALUES ('ｱｲｳｴｵ ');
INSERT INTO `Ｔ１` VALUES ('ｱｲｳｴｵ  ');
INSERT INTO `Ｔ１` VALUES ('ｱｲｳｴｵ   ');
INSERT INTO `Ｔ１` VALUES ('ｱｲｳｴｵ　');
INSERT INTO `Ｔ１` VALUES ('ｱｲｳｴｵ　　');
INSERT INTO `Ｔ１` VALUES ('ｱｲｳｴｵ　　　');
INSERT INTO `Ｔ２` VALUES ('あいうえお');
INSERT INTO `Ｔ２` VALUES ('あいうえお ');
INSERT INTO `Ｔ２` VALUES ('あいうえお  ');
INSERT INTO `Ｔ２` VALUES ('あいうえお   ');
INSERT INTO `Ｔ２` VALUES ('あいうえお　');
INSERT INTO `Ｔ２` VALUES ('あいうえお　　');
INSERT INTO `Ｔ２` VALUES ('あいうえお　　　');
INSERT INTO `Ｔ３` VALUES ('龔龖龗龞龡');
INSERT INTO `Ｔ３` VALUES ('龔龖龗龞龡 ');
INSERT INTO `Ｔ３` VALUES ('龔龖龗龞龡  ');
INSERT INTO `Ｔ３` VALUES ('龔龖龗龞龡   ');
INSERT INTO `Ｔ３` VALUES ('龔龖龗龞龡　');
INSERT INTO `Ｔ３` VALUES ('龔龖龗龞龡　　');
INSERT INTO `Ｔ３` VALUES ('龔龖龗龞龡　　　');
INSERT INTO `Ｔ４` VALUES ('ｱｲｳｴｵ');
INSERT INTO `Ｔ４` VALUES ('ｱｲｳｴｵ ');
INSERT INTO `Ｔ４` VALUES ('ｱｲｳｴｵ  ');
INSERT INTO `Ｔ４` VALUES ('ｱｲｳｴｵ   ');
INSERT INTO `Ｔ４` VALUES ('ｱｲｳｴｵ　');
INSERT INTO `Ｔ４` VALUES ('ｱｲｳｴｵ　　');
INSERT INTO `Ｔ４` VALUES ('ｱｲｳｴｵ　　　');
INSERT INTO `Ｔ５` VALUES ('あいうえお');
INSERT INTO `Ｔ５` VALUES ('あいうえお ');
INSERT INTO `Ｔ５` VALUES ('あいうえお  ');
INSERT INTO `Ｔ５` VALUES ('あいうえお   ');
INSERT INTO `Ｔ５` VALUES ('あいうえお　');
INSERT INTO `Ｔ５` VALUES ('あいうえお　　');
INSERT INTO `Ｔ５` VALUES ('あいうえお　　　');
INSERT INTO `Ｔ６` VALUES ('龔龖龗龞龡');
INSERT INTO `Ｔ６` VALUES ('龔龖龗龞龡 ');
INSERT INTO `Ｔ６` VALUES ('龔龖龗龞龡  ');
INSERT INTO `Ｔ６` VALUES ('龔龖龗龞龡   ');
INSERT INTO `Ｔ６` VALUES ('龔龖龗龞龡　');
INSERT INTO `Ｔ６` VALUES ('龔龖龗龞龡　　');
INSERT INTO `Ｔ６` VALUES ('龔龖龗龞龡　　　');
INSERT INTO `Ｔ７` VALUES ('ｱｲｳｴｵ');
INSERT INTO `Ｔ７` VALUES ('ｱｲｳｴｵ ');
INSERT INTO `Ｔ７` VALUES ('ｱｲｳｴｵ  ');
INSERT INTO `Ｔ７` VALUES ('ｱｲｳｴｵ   ');
INSERT INTO `Ｔ７` VALUES ('ｱｲｳｴｵ　');
INSERT INTO `Ｔ７` VALUES ('ｱｲｳｴｵ　　');
INSERT INTO `Ｔ７` VALUES ('ｱｲｳｴｵ　　　');
INSERT INTO `Ｔ８` VALUES ('あいうえお');
INSERT INTO `Ｔ８` VALUES ('あいうえお ');
INSERT INTO `Ｔ８` VALUES ('あいうえお  ');
INSERT INTO `Ｔ８` VALUES ('あいうえお   ');
INSERT INTO `Ｔ８` VALUES ('あいうえお　');
INSERT INTO `Ｔ８` VALUES ('あいうえお　　');
INSERT INTO `Ｔ８` VALUES ('あいうえお　　　');
INSERT INTO `Ｔ９` VALUES ('龔龖龗龞龡');
INSERT INTO `Ｔ９` VALUES ('龔龖龗龞龡 ');
INSERT INTO `Ｔ９` VALUES ('龔龖龗龞龡  ');
INSERT INTO `Ｔ９` VALUES ('龔龖龗龞龡   ');
INSERT INTO `Ｔ９` VALUES ('龔龖龗龞龡　');
INSERT INTO `Ｔ９` VALUES ('龔龖龗龞龡　　');
INSERT INTO `Ｔ９` VALUES ('龔龖龗龞龡　　　');
INSERT INTO `Ｔ１０` VALUES ('ｱｲｳｴｵ');
INSERT INTO `Ｔ１０` VALUES ('ｱｲｳｴｵ ');
INSERT INTO `Ｔ１０` VALUES ('ｱｲｳｴｵ  ');
INSERT INTO `Ｔ１０` VALUES ('ｱｲｳｴｵ   ');
INSERT INTO `Ｔ１０` VALUES ('ｱｲｳｴｵ　');
INSERT INTO `Ｔ１０` VALUES ('ｱｲｳｴｵ　　');
INSERT INTO `Ｔ１０` VALUES ('ｱｲｳｴｵ　　　');
INSERT INTO `Ｔ１１` VALUES ('あいうえお');
INSERT INTO `Ｔ１１` VALUES ('あいうえお ');
INSERT INTO `Ｔ１１` VALUES ('あいうえお  ');
INSERT INTO `Ｔ１１` VALUES ('あいうえお   ');
INSERT INTO `Ｔ１１` VALUES ('あいうえお　');
INSERT INTO `Ｔ１１` VALUES ('あいうえお　　');
INSERT INTO `Ｔ１１` VALUES ('あいうえお　　　');
INSERT INTO `Ｔ１２` VALUES ('龔龖龗龞龡');
INSERT INTO `Ｔ１２` VALUES ('龔龖龗龞龡 ');
INSERT INTO `Ｔ１２` VALUES ('龔龖龗龞龡  ');
INSERT INTO `Ｔ１２` VALUES ('龔龖龗龞龡   ');
INSERT INTO `Ｔ１２` VALUES ('龔龖龗龞龡　');
INSERT INTO `Ｔ１２` VALUES ('龔龖龗龞龡　　');
INSERT INTO `Ｔ１２` VALUES ('龔龖龗龞龡　　　');
SELECT RTRIM(`Ｃ１`) from `Ｔ１`;
RTRIM(`Ｃ１`)
ｱｲｳｴｵ
ｱｲｳｴｵ
ｱｲｳｴｵ
ｱｲｳｴｵ
ｱｲｳｴｵ　
ｱｲｳｴｵ　　
ｱｲｳｴｵ　　　
SELECT RTRIM(`Ｃ１`) from `Ｔ２`;
RTRIM(`Ｃ１`)
あいうえお
あいうえお
あいうえお
あいうえお
あいうえお　
あいうえお　　
あいうえお　　　
SELECT RTRIM(`Ｃ１`) from `Ｔ３`;
RTRIM(`Ｃ１`)
龔龖龗龞龡
龔龖龗龞龡
龔龖龗龞龡
龔龖龗龞龡
龔龖龗龞龡　
龔龖龗龞龡　　
龔龖龗龞龡　　　
SELECT RTRIM(`Ｃ１`) from `Ｔ４`;
RTRIM(`Ｃ１`)
ｱｲｳｴｵ
ｱｲｳｴｵ
ｱｲｳｴｵ
ｱｲｳｴｵ
ｱｲｳｴｵ　
ｱｲｳｴｵ　　
ｱｲｳｴｵ　　　
SELECT RTRIM(`Ｃ１`) from `Ｔ５`;
RTRIM(`Ｃ１`)
あいうえお
あいうえお
あいうえお
あいうえお
あいうえお　
あいうえお　　
あいうえお　　　
SELECT RTRIM(`Ｃ１`) from `Ｔ６`;
RTRIM(`Ｃ１`)
龔龖龗龞龡
龔龖龗龞龡
龔龖龗龞龡
龔龖龗龞龡
龔龖龗龞龡　
龔龖龗龞龡　　
龔龖龗龞龡　　　
SELECT RTRIM(`Ｃ１`) from `Ｔ７`;
RTRIM(`Ｃ１`)
ｱｲｳｴｵ
ｱｲｳｴｵ
ｱｲｳｴｵ
ｱｲｳｴｵ
ｱｲｳｴｵ　
ｱｲｳｴｵ　　
ｱｲｳｴｵ　　　
SELECT RTRIM(`Ｃ１`) from `Ｔ８`;
RTRIM(`Ｃ１`)
あいうえお
あいうえお
あいうえお
あいうえお
あいうえお　
あいうえお　　
あいうえお　　　
SELECT RTRIM(`Ｃ１`) from `Ｔ９`;
RTRIM(`Ｃ１`)
龔龖龗龞龡
龔龖龗龞龡
龔龖龗龞龡
龔龖龗龞龡
龔龖龗龞龡　
龔龖龗龞龡　　
龔龖龗龞龡　　　
SELECT RTRIM(`Ｃ１`) from `Ｔ１０`;
RTRIM(`Ｃ１`)
ｱｲｳｴｵ
ｱｲｳｴｵ
ｱｲｳｴｵ
ｱｲｳｴｵ
ｱｲｳｴｵ　
ｱｲｳｴｵ　　
ｱｲｳｴｵ　　　
SELECT RTRIM(`Ｃ１`) from `Ｔ１１`;
RTRIM(`Ｃ１`)
あいうえお
あいうえお
あいうえお
あいうえお
あいうえお　
あいうえお　　
あいうえお　　　
SELECT RTRIM(`Ｃ１`) from `Ｔ１２`;
RTRIM(`Ｃ１`)
龔龖龗龞龡
龔龖龗龞龡
龔龖龗龞龡
龔龖龗龞龡
龔龖龗龞龡　
龔龖龗龞龡　　
龔龖龗龞龡　　　
DROP TABLE `Ｔ１`;
DROP TABLE `Ｔ２`;
DROP TABLE `Ｔ３`;
DROP TABLE `Ｔ４`;
DROP TABLE `Ｔ５`;
DROP TABLE `Ｔ６`;
DROP TABLE `Ｔ７`;
DROP TABLE `Ｔ８`;
DROP TABLE `Ｔ９`;
DROP TABLE `Ｔ１０`;
DROP TABLE `Ｔ１１`;
DROP TABLE `Ｔ１２`;
