SELECT @@global.innodb_table_locks into @table_locks;
SET @@global.innodb_table_locks= OFF;
DROP TABLE IF EXISTS t1, t2;
DROP VIEW IF EXISTS v1;
SET autocommit=0;
SET autocommit=0;
connection default;
CREATE TABLE t1 (k INT NOT NULL PRIMARY KEY, i INT, j INT, l INT) ENGINE=InnoDB;
INSERT INTO t1 VALUES (1,123,1,123);
INSERT INTO t1 VALUES (2,124,2,124);
INSERT INTO t1 VALUES (3,125,3,125);
INSERT INTO t1 VALUES (4,126,4,126);
CREATE INDEX ixi ON t1 (i);
CREATE TABLE t2 (k INT NOT NULL PRIMARY KEY, i INT, j INT, l INT) ENGINE=InnoDB;
INSERT INTO t2 VALUES (1,123,1,123);
INSERT INTO t2 VALUES (2,124,2,124);
INSERT INTO t2 VALUES (3,125,3,125);
INSERT INTO t2 VALUES (4,126,4,126);
CREATE INDEX ixi ON t2 (i);
CREATE VIEW v1 AS SELECT t1.i, t2.l from t1,t2;
COMMIT;
SELECT @@global.tx_isolation;
@@global.tx_isolation
REPEATABLE-READ
EXPLAIN SELECT t1.i,t2.i FROM t1,t2 WHERE t1.i<125 AND t2.i=t1.i FOR UPDATE;
id	select_type	table	type	possible_keys	key	key_len	ref	rows	Extra
1	SIMPLE	t1	index	ixi	ixi	5	NULL	4	Using where; Using index
1	SIMPLE	t2	ref	ixi	ixi	5	test.t1.i	2	Using where; Using index
SELECT t1.i,t2.i FROM t1,t2 WHERE t1.i<125 AND t2.i=t1.i FOR UPDATE;
i	i
123	123
124	124
connection root1;
UPDATE v1 SET i=325 where i=125;
