DROP TABLE IF EXISTS t1, t2;
DROP VIEW IF EXISTS v1;
SET autocommit=0;
SET autocommit=0;
connection default;
CREATE TABLE t1 (k INT NOT NULL PRIMARY KEY, i INT, j INT, l INT) ENGINE=NDB;
CREATE INDEX ixi ON t1 (i);
CREATE TABLE t2 (k INT NOT NULL PRIMARY KEY, i INT, j INT, l INT) ENGINE=NDB;
CREATE INDEX ixi ON t2 (i);
CREATE PROCEDURE fill_t1 (IN upb int)
BEGIN
DECLARE cnt int DEFAULT 0;
WHILE cnt < upb DO
INSERT INTO t1 VALUES (cnt, cnt+100, cnt, cnt+100);
SET cnt= cnt+1;
END WHILE; 
END;
|
CREATE FUNCTION half_t1() RETURNS int
BEGIN
DECLARE res int DEFAULT 0;
SELECT count(*)/2 INTO res FROM t1;
RETURN  res;
END;
|
CREATE PROCEDURE fill_t2 (IN upb int)
BEGIN
DECLARE cnt int DEFAULT 0;
WHILE cnt < upb DO
INSERT INTO t2 VALUES (cnt, cnt+100, cnt, cnt+100);
SET cnt= cnt+1;
END WHILE; 
END;
|
CREATE FUNCTION half_t2() RETURNS int
BEGIN
DECLARE res int DEFAULT 0;
SELECT count(*)/2 INTO res FROM t2;
RETURN  res;
END;
|
CALL fill_t1 (10);
CALL fill_t2 (10);
COMMIT;
SELECT @@global.tx_isolation;
@@global.tx_isolation
REPEATABLE-READ
EXPLAIN SELECT t1.i,t2.i FROM t1,t2 WHERE t1.i < half_t1() AND t2.i=t1.i LOCK IN SHARE MODE;
id	select_type	table	type	possible_keys	key	key_len	ref	rows	Extra
1	SIMPLE	t1	range	ixi	ixi	5	NULL	10	Using where
1	SIMPLE	t2	ref	ixi	ixi	5	test.t1.i	1	Using where
SELECT t1.i,t2.i FROM t1,t2 WHERE t1.i < half_t1() AND t2.i=t1.i LOCK IN SHARE MODE;
i	i
connection root1;
SELECT k from t1 WHERE k < half_t1();
k
0
3
1
2
4
SELECT k from t1 WHERE k >= half_t1();
k
6
7
9
5
8
UPDATE t1,t2 SET t1.i=1111,t2.i=2222 WHERE t1.k < half_t1() AND t2.i=t1.i;
SELECT * FROM t1 ORDER BY t1.k;
k	i	j	l
0	1111	0	100
1	1111	1	101
2	1111	2	102
3	1111	3	103
4	1111	4	104
5	105	5	105
6	106	6	106
7	107	7	107
8	108	8	108
9	109	9	109
SELECT * FROM t2 ORDER BY t2.k;
k	i	j	l
0	2222	0	100
1	2222	1	101
2	2222	2	102
3	2222	3	103
4	2222	4	104
5	105	5	105
6	106	6	106
7	107	7	107
8	108	8	108
9	109	9	109
connection default;
UPDATE t1,t2 SET t1.i=3333,t2.i=4444 WHERE t1.k >= half_t1() AND t2.i=t1.i;
SELECT * FROM t1 ORDER BY t1.k;
k	i	j	l
0	100	0	100
1	101	1	101
2	102	2	102
3	103	3	103
4	104	4	104
5	3333	5	105
6	3333	6	106
7	3333	7	107
8	3333	8	108
9	3333	9	109
SELECT * FROM t2 ORDER BY t2.k;
k	i	j	l
0	100	0	100
1	101	1	101
2	102	2	102
3	103	3	103
4	104	4	104
5	4444	5	105
6	4444	6	106
7	4444	7	107
8	4444	8	108
9	4444	9	109
COMMIT;
connection root1;
ROLLBACK;
connection default;
SELECT * FROM t1 ORDER BY t1.k;
k	i	j	l
0	100	0	100
1	101	1	101
2	102	2	102
3	103	3	103
4	104	4	104
5	3333	5	105
6	3333	6	106
7	3333	7	107
8	3333	8	108
9	3333	9	109
SELECT * FROM t2 ORDER BY t2.k;
k	i	j	l
0	100	0	100
1	101	1	101
2	102	2	102
3	103	3	103
4	104	4	104
5	4444	5	105
6	4444	6	106
7	4444	7	107
8	4444	8	108
9	4444	9	109
connection root1;
SELECT * FROM t1 ORDER BY t1.k;
k	i	j	l
0	100	0	100
1	101	1	101
2	102	2	102
3	103	3	103
4	104	4	104
5	3333	5	105
6	3333	6	106
7	3333	7	107
8	3333	8	108
9	3333	9	109
SELECT * FROM t2 ORDER BY t2.k;
k	i	j	l
0	100	0	100
1	101	1	101
2	102	2	102
3	103	3	103
4	104	4	104
5	4444	5	105
6	4444	6	106
7	4444	7	107
8	4444	8	108
9	4444	9	109
connection default;
DROP VIEW IF EXISTS v1;
Warnings:
Note	1051	Unknown table 'test.v1'
DROP TABLE t1, t2;
