*** Bug #22144 ***
SET @@storage_engine = 'Falcon';
DROP TABLE IF EXISTS t2;
CREATE TABLE t2 (
a int,
b int,
c int,
d int,
PRIMARY KEY(a)
);
INSERT INTO t2 VALUES
(1,1,1,1),
(2,2,2,2),
(3,3,3,3),
(4,4,4,4),
(5,5,5,5),
(6,6,6,6),
(7,7,7,7),
(8,8,8,8);
EXPLAIN SELECT distinct(a) FROM t2;
id	select_type	table	type	possible_keys	key	key_len	ref	rows	Extra
1	SIMPLE	t2	ALL	NULL	NULL	NULL	NULL	8	
SELECT count(*) FROM t2;
count(*)
8
DROP TABLE t2;
