*** Bug #30878 ***
SET @@storage_engine = 'Falcon';
DROP TABLE IF EXISTS t1;
CREATE TABLE t1 (
a int auto_increment,
b int,
PRIMARY KEY (a)
);
INSERT INTO t1 VALUES (NULL, 1);
INSERT INTO t1 VALUES (NULL, 2);
INSERT INTO t1 VALUES (NULL, 3);
INSERT INTO t1 VALUES (NULL, 4);
INSERT INTO t1 VALUES (NULL, 5);
INSERT INTO t1 VALUES (NULL, 6);
ALTER TABLE t1 PARTITION BY RANGE (a) (
PARTITION p1 VALUES LESS THAN (3),
PARTITION p2 VALUES LESS THAN MAXVALUE
);
SELECT * FROM t1 ORDER BY b;
a	b
1	1
2	2
3	3
4	4
5	5
6	6
SELECT count(*) FROM t1;
count(*)
6
DROP TABLE t1;
