*** Bug #29201 ***
SET @@storage_engine = 'Falcon';
DROP TABLE IF EXISTS t1;
CREATE TABLE t1 (
a decimal(20, 20),
b decimal(65, 30)
);
INSERT INTO t1 (a) VALUES (0.123456789012345678901234567890);
Warnings:
Note	1265	Data truncated for column 'a' at row 1
INSERT INTO t1 (a) VALUES (0.123456789);
INSERT INTO t1 (b) VALUES (0.123456789012345678901234567890);
INSERT INTO t1 (b) VALUES (0.123456789);
SELECT a FROM t1 ORDER BY a;
a
NULL
NULL
0.12345678900000000000
0.12345678901234567890
SELECT b FROM t1 ORDER BY b;
b
NULL
NULL
0.123456789000000000000000000000
0.123456789012345678901234567890
SELECT count(*) FROM t1;
count(*)
4
DROP TABLE t1;
