*** Bug #22179 ***
SET @@storage_engine = 'Falcon';
DROP TABLE IF EXISTS t1;
DROP TABLE IF EXISTS t2;
CREATE TABLE t1 (
a char(5) CHARACTER SET ucs2
);
INSERT INTO t1 VALUES ('aa'), ('!'), ('aaa'), ('ab'), ('c');
CREATE INDEX i1 ON t1 (a);
CREATE TABLE t2 (
a char(50),
PRIMARY KEY (a)
) CHARSET ucs2 COLLATE ucs2_bin;
INSERT INTO t2 VALUES ('u');
SELECT * FROM t1 WHERE a LIKE '__a';
a
aaa
SELECT * FROM t1
WHERE a = 'aa' OR a = '!' OR a = 'aaa' OR a = 'ab' OR a = 'c'
  ORDER BY a;
a
!
aa
aaa
ab
c
SELECT count(*) FROM t2 WHERE a = 'u';
count(*)
1
SELECT count(*) FROM t1;
count(*)
5
SELECT count(*) FROM t2;
count(*)
1
DROP TABLE t1;
DROP TABLE t2;
