DROP TABLE IF EXISTS t1;
DROP TABLESPACE ts1 ENGINE=falcon;
CREATE TABLESPACE ts1 ADD DATAFILE 'ts1.fts' ENGINE=MyISAM;
ERROR HY000: Table storage engine 'MyISAM' does not support the create option 'TABLESPACE or LOGFILE GROUP'
CREATE TABLESPACE ts1 ADD DATAFILE 'ts1.fts' ENGINE=falcon;
CREATE TABLESPACE ts1 ADD DATAFILE 'ts2.fts' ENGINE=falcon;
ERROR HY000: Tablespace 'ts1' already exist
DROP TABLESPACE ts1 ENGINE=falcon;
CREATE TABLESPACE ts1 ADD DATAFILE 'ts1.fts' ENGINE=falcon;
DROP TABLESPACE ts1 ENGINE=falcon;
CREATE TABLESPACE ts1 ADD DATAFILE 'ts1.fts' ENGINE=falcon;
DROP TABLESPACE ts1 ENGINE=falcon;
CREATE TABLESPACE ts1 ADD DATAFILE 'ts1.fts' ENGINE=falcon;
CREATE TABLE t1(a INT) ENGINE=falcon;
SELECT * FROM information_schema.falcon_tables WHERE TABLE_NAME='t1';
SCHEMA_NAME	TABLE_NAME	PARTITION	TABLESPACE	INTERNAL_NAME
TEST	T1		FALCON_USER	T1
ALTER TABLE t1 TABLESPACE ts1 ENGINE=falcon;
SELECT * FROM information_schema.falcon_tables WHERE TABLE_NAME='t1';
SCHEMA_NAME	TABLE_NAME	PARTITION	TABLESPACE	INTERNAL_NAME
TEST	T1		ts1	T1
ALTER TABLE t1 ENGINE=falcon;
SELECT * FROM information_schema.falcon_tables WHERE TABLE_NAME='t1';
SCHEMA_NAME	TABLE_NAME	PARTITION	TABLESPACE	INTERNAL_NAME
TEST	T1		ts1	T1
DROP TABLE t1;
DROP TABLESPACE ts1 ENGINE=falcon;
CREATE TABLESPACE `ts 1` ADD DATAFILE 'ts2.fts' ENGINE=falcon;
CREATE TABLE t1(a INT) ENGINE=falcon TABLESPACE `ts 1`;
SHOW CREATE TABLE t1;
Table	Create Table
t1	CREATE TABLE `t1` (
  `a` int(11) DEFAULT NULL
) /*!50100 TABLESPACE `ts 1` */ ENGINE=Falcon DEFAULT CHARSET=latin1
DROP TABLE t1;
DROP TABLESPACE `ts 1` ENGINE=falcon;
DROP TABLESPACE ts1 ENGINE=falcon;
ERROR HY000: Tablespace 'ts1' doesn't exist
