*** Bug #34892 ***
SET @@storage_engine = 'Falcon';
DROP TABLE IF EXISTS t1;
SET @@autocommit = 0;
CREATE TABLE t1 (PRIMARY KEY (a)) SELECT 1 AS a UNION ALL SELECT 1;
ERROR 23000: Duplicate entry '1' for key 'PRIMARY'
CREATE TABLE t1 (a int);
DROP TABLE t1;
