SET @@storage_engine = Falcon;
*** Bug #26607 ***
DROP TABLE IF EXISTS t1;
CREATE TABLE t1 (
a decimal(31, 30),
b decimal(18, 18)
);
INSERT INTO t1 (a) VALUES (-9.999999999999999999999999999999);
INSERT INTO t1 (a) VALUES (9.999999999999999999999999999999);
INSERT INTO t1 (b) VALUES (-0.123456789012345678);
INSERT INTO t1 (b) VALUES (0.123456789012345678);
SELECT count(*) FROM t1 WHERE a = -9.999999999999999999999999999999;
count(*)
1
SELECT count(*) FROM t1 WHERE a = 9.999999999999999999999999999999;
count(*)
1
SELECT count(*) FROM t1 WHERE b = -0.123456789012345678;
count(*)
1
SELECT count(*) FROM t1 WHERE b = 0.123456789012345678;
count(*)
1
DROP TABLE t1;
