*** Bug #30282 ***
SET @@storage_engine = 'Falcon';
DROP TABLE IF EXISTS t1;
CREATE TABLE t1 (a char(1));
INSERT INTO t1 VALUES (0x00);
INSERT INTO t1 VALUES (0x20);
SELECT hex(a) FROM t1 WHERE a = 0x00;
hex(a)
00
SELECT hex(a) FROM t1 WHERE a = 0x20;
hex(a)

CREATE UNIQUE INDEX i1 ON t1 (a);
SELECT count(*) FROM t1;
count(*)
2
DROP TABLE t1;
