*** Bug #26058 ***
SET @@storage_engine = 'Falcon';
DROP TABLE IF EXISTS t1;
SET NAMES utf8;
CREATE TABLE t1 (a varchar(5) character set ujis);
INSERT INTO t1 values ('¥'),('‾');
SELECT count(*) FROM t1 WHERE a IS NOT NULL;
count(*)
2
SELECT count(*) FROM t1;
count(*)
2
DROP TABLE t1;
