SET @@storage_engine = Falcon;
*** Bug #24921 ***
DROP TABLE IF EXISTS t1;
CREATE TABLE t1 (a char(4) CHARACTER SET utf8 COLLATE utf8_turkish_ci, KEY (a));
INSERT INTO t1 VALUES ('abc'), ('abc '), ('abcd');
SELECT count(*) FROM t1 WHERE a like 'abc%';
count(*)
3
ALTER TABLE t1 Engine MyISAM;
SELECT count(*) FROM t1 WHERE a like 'abc%';
count(*)
3
DROP TABLE t1;
