SET STORAGE_ENGINE = 'Falcon';
DROP TABLE IF EXISTS t1;
CREATE TABLE t1 (c1 varchar(50), c2 int, c3 char(1));
INSERT INTO t1 VALUES (repeat('A', 50), 0, 'A');
INSERT INTO t1 VALUES (repeat('B', 50), 0, 'B');
INSERT INTO t1 VALUES (repeat('C', 50), 0, 'C');
COMMIT;
SELECT c1 from t1;
c1
5000______AAAAAAAAAAAAAAAAAAAAAAAAAAAAAAAAAAAAAAAA
5000______BBBBBBBBBBBBBBBBBBBBBBBBBBBBBBBBBBBBBBBB
5000______CCCCCCCCCCCCCCCCCCCCCCCCCCCCCCCCCCCCCCCC
SELECT c1 from t1;
c1
10000_____AAAAAAAAAAAAAAAAAAAAAAAAAAAAAAAAAAAAAAAA
10000_____BBBBBBBBBBBBBBBBBBBBBBBBBBBBBBBBBBBBBBBB
10000_____CCCCCCCCCCCCCCCCCCCCCCCCCCCCCCCCCCCCCCCC
SELECT c1 from t1;
c1
15000_____AAAAAAAAAAAAAAAAAAAAAAAAAAAAAAAAAAAAAAAA
15000_____BBBBBBBBBBBBBBBBBBBBBBBBBBBBBBBBBBBBBBBB
15000_____CCCCCCCCCCCCCCCCCCCCCCCCCCCCCCCCCCCCCCCC
SELECT c1 from t1;
c1
20000_____AAAAAAAAAAAAAAAAAAAAAAAAAAAAAAAAAAAAAAAA
20000_____BBBBBBBBBBBBBBBBBBBBBBBBBBBBBBBBBBBBBBBB
20000_____CCCCCCCCCCCCCCCCCCCCCCCCCCCCCCCCCCCCCCCC
SELECT c1 from t1;
c1
25000_____AAAAAAAAAAAAAAAAAAAAAAAAAAAAAAAAAAAAAAAA
25000_____BBBBBBBBBBBBBBBBBBBBBBBBBBBBBBBBBBBBBBBB
25000_____CCCCCCCCCCCCCCCCCCCCCCCCCCCCCCCCCCCCCCCC
SELECT c1 from t1;
c1
30000_____AAAAAAAAAAAAAAAAAAAAAAAAAAAAAAAAAAAAAAAA
30000_____BBBBBBBBBBBBBBBBBBBBBBBBBBBBBBBBBBBBBBBB
30000_____CCCCCCCCCCCCCCCCCCCCCCCCCCCCCCCCCCCCCCCC
SELECT c1 from t1;
c1
35000_____AAAAAAAAAAAAAAAAAAAAAAAAAAAAAAAAAAAAAAAA
35000_____BBBBBBBBBBBBBBBBBBBBBBBBBBBBBBBBBBBBBBBB
35000_____CCCCCCCCCCCCCCCCCCCCCCCCCCCCCCCCCCCCCCCC
SELECT c1 from t1;
c1
40000_____AAAAAAAAAAAAAAAAAAAAAAAAAAAAAAAAAAAAAAAA
40000_____BBBBBBBBBBBBBBBBBBBBBBBBBBBBBBBBBBBBBBBB
40000_____CCCCCCCCCCCCCCCCCCCCCCCCCCCCCCCCCCCCCCCC
SELECT c1 from t1;
c1
45000_____AAAAAAAAAAAAAAAAAAAAAAAAAAAAAAAAAAAAAAAA
45000_____BBBBBBBBBBBBBBBBBBBBBBBBBBBBBBBBBBBBBBBB
45000_____CCCCCCCCCCCCCCCCCCCCCCCCCCCCCCCCCCCCCCCC
SELECT c1 from t1;
c1
50000_____AAAAAAAAAAAAAAAAAAAAAAAAAAAAAAAAAAAAAAAA
50000_____BBBBBBBBBBBBBBBBBBBBBBBBBBBBBBBBBBBBBBBB
50000_____CCCCCCCCCCCCCCCCCCCCCCCCCCCCCCCCCCCCCCCC
DROP TABLE t1;
