*** Bug #28076 ***
SET @@storage_engine = 'Falcon';
DROP TABLE IF EXISTS t1;
CREATE TABLE t1 (
a binary(5),
b varbinary(5)
);
INSERT INTO t1 VALUES (0x41, 0x41);
SELECT hex(a),hex(b) FROM t1;
hex(a)	hex(b)
4100000000	41
SELECT hex(a),hex(b) FROM t1 WHERE a IN (SELECT b FROM t1);
hex(a)	hex(b)
SELECT hex(a),hex(b) FROM t1 WHERE b IN (SELECT a FROM t1);
hex(a)	hex(b)
CREATE INDEX i1 on t1 (a);
CREATE INDEX i2 on t1 (b);
SELECT hex(a),hex(b) FROM t1 WHERE a IN (SELECT b FROM t1);
hex(a)	hex(b)
SELECT hex(a),hex(b) FROM t1 WHERE b IN (SELECT a FROM t1);
hex(a)	hex(b)
SELECT count(*) FROM t1;
count(*)
1
DROP TABLE t1;
