*** Bug #29246 ***
SET @@storage_engine = 'Falcon';
DROP TABLE IF EXISTS t1;
CREATE TABLE t1 (a varchar(2) CHARACTER SET latin1 COLLATE latin1_german2_ci);
INSERT INTO t1 VALUES (0xdc);
CREATE INDEX i1 ON t1 (a(1));
SELECT count(*) FROM t1 WHERE a = 'ue';
count(*)
1
SELECT count(*) FROM t1;
count(*)
1
DROP TABLE t1;
