#---- Bug 28044 ----
SET STORAGE_ENGINE='Falcon';
DROP TABLE IF EXISTS t14_1;
CREATE TABLE t14_1 (f1 NUMERIC (64));
INSERT INTO t14_1 SET f1 = 1;
SELECT 1;
1
1
SELECT * FROM t14_1;
f1
1
DROP TABLE t14_1;
