stop slave;
drop table if exists t1,t2,t3,t4,t5,t6,t7,t8,t9;
reset master;
reset slave;
drop table if exists t1,t2,t3,t4,t5,t6,t7,t8,t9;
start slave;
#---- Bug 33688 ----
set storage_engine='Falcon';
create table t1 (a int primary key);
create table t4 (a int primary key);
insert into t1 values (1),(1);
Got one of the listed errors
insert into t4 values (1),(2);
show tables like 't1';
Tables_in_test (t1)
show tables like 't4';
Tables_in_test (t4)
t4
SELECT * FROM test.t4 ORDER BY a;
a
1
2
insert into t4 values (3);
SELECT * FROM test.t4 ORDER BY a;
a
1
2
3
insert into t1 values (1),(1);
Got one of the listed errors
insert into t4 values (6);
SELECT * FROM test.t4 ORDER BY a;
a
1
2
3
6
drop table t1;
drop table t4;
